slug,name,font_type,merchant_block_position,logo_placement,divider_style,total_divider_style,total_emphasis,layout_signature,money_row_order,quantity_column,barcode_placement,number_format,background_type,header_alignment,section_count
200-Degrees-Receipt,200 Degrees Receipt,MERCHANT_COPY,TOP,NONE,DASHES,NONE,NONE,HEADER|CUSTOM|CUSTOM|CUSTOM|ITEMS|CUSTOM,ITEM,PRESENT,NONE,LEFT,CRUMPLED_1,CENTER,6
2bisCafe-Paris-Receipt,2bisCafe Paris Receipt,MERCHANT_COPY,TOP,TOP,NONE,NONE,NONE,HEADER|CUSTOM|ITEMS|CUSTOM|CUSTOM|ITEMS|CUSTOM,ITEM,ABSENT,NONE,LEFT,CRUMPLED_1,CENTER,7
34-Mayfair-Receipt,34 Mayfair Receipt,MERCHANT_COPY,TOP,TOP,DASHES,DASHES,NONE,HEADER|ITEMS|ITEMS|CUSTOM|CUSTOM,ITEM,ABSENT,NONE,LEFT,CRUMPLED_1,CENTER,5
501(c)(3)-Donation-Receipt,501(c)(3) Donation Receipt,MERCHANT_COPY,TOP,TOP,EQUALS,NONE,NONE,HEADER|CUSTOM|DATE|CUSTOM|CUSTOM|ITEMS|BARCODE,ITEM>TOTAL,PRESENT,BOTTOM,LEFT,CRUMPLED_1,CENTER,7
7-Eleven-Receipt,7-Eleven Receipt,MERCHANT_COPY,TOP,TOP,EMPTY,NONE,NONE,HEADER|CUSTOM|CUSTOM|CUSTOM|ITEMS|PAYMENT|CUSTOM|BARCODE|CUSTOM,ITEM>SUBTOTAL>TAX>TOTAL>TENDER>META>AUTH,PRESENT,MIDDLE,LEFT,CRUMPLED_1,CENTER,9
99-Ranch-Market-Receipt,99 Ranch Market Receipt,MERCHANT_COPY,TOP,TOP,NONE,DASHES,NONE,HEADER|ITEMS|ITEMS|CUSTOM|CUSTOM,ITEM,ABSENT,NONE,LEFT,CRUMPLED_1,CENTER,5
ABC-Fine-Wine-and-Spirits-Receipt,ABC Fine Wine & Spirits Receipt,MERCHANT_COPY,TOP,TOP,EMPTY,NONE,NONE,HEADER|CUSTOM|CUSTOM,NONE,NO_ITEMS,NONE,LEFT,CRUMPLED_1,CENTER,3
ACME-Grocery-Receipt,ACME Grocery Receipt,MERCHANT_COPY,TOP,TOP,NONE,NONE,NONE,HEADER|DATE|ITEMS|CUSTOM|CUSTOM|BARCODE|CUSTOM|CUSTOM,ITEM>TOTAL,PRESENT,MIDDLE,LEFT,CRUMPLED_1,CENTER,8
AEON-Health-and-Beauty-Receipt,AEON Health & Beauty Receipt,MERCHANT_COPY,TOP,NONE,DASHES,NONE,NONE,HEADER|CUSTOM|ITEMS|CUSTOM,ITEM,ABSENT,NONE,LEFT,CRUMPLED_1,CENTER,4
AEON-Receipt,AEON Receipt,MERCHANT_COPY,TOP,NONE,DASHES,DASHES,NONE,HEADER|ITEMS|ITEMS|ITEMS|ITEMS|CUSTOM|BARCODE|CUSTOM,ITEM,ABSENT,MIDDLE,LEFT,CRUMPLED_1,CENTER,8
ALDI-Receipt,ALDI Receipt,MERCHANT_COPY,TOP,NONE,EMPTY,DASHES,NONE,HEADER|ITEMS|DATE|CUSTOM|CUSTOM,ITEM>SUBTOTAL>TAX>TOTAL,PRESENT,NONE,LEFT,CRUMPLED_1,CENTER,5
AMC-Theatres-Receipt,AMC Theatres Receipt,MERCHANT_COPY,TOP,TOP,DASHES,EMPTY,NONE,HEADER|CUSTOM|CUSTOM|ITEMS|PAYMENT|CUSTOM|BARCODE,ITEM>SUBTOTAL>TAX>TOTAL>TENDER>CHANGE,PRESENT,BOTTOM,LEFT,CRUMPLED_1,CENTER,7
ARCO-Receipt,ARCO Receipt,MERCHANT_COPY,TOP,TOP,DOTS,NONE,NONE,HEADER|CUSTOM|CUSTOM|CUSTOM|ITEMS|PAYMENT|CUSTOM|DATE,SUBTOTAL>TAX>TOTAL>TENDER>META>AUTH>ITEM,NO_ITEMS,NONE,LEFT,CRUMPLED_1,CENTER,8
ASDA-Store-Receipt,ASDA Store Receipt,MERCHANT_COPY,MIDDLE,MIDDLE,DASHES,NONE,NONE,CUSTOM|CUSTOM|HEADER|ITEMS|CUSTOM|CUSTOM|CUSTOM|CUSTOM|BARCODE|CUSTOM,ITEM>TOTAL>TENDER,ABSENT,MIDDLE,LEFT,CRUMPLED_1,CENTER,10
ASK-Italian-Receipt,ASK Italian Receipt,MERCHANT_COPY,TOP,NONE,DASHES,DASHES,NONE,HEADER|ITEMS|ITEMS|ITEMS|CUSTOM,ITEM,PRESENT,NONE,LEFT,CRUMPLED_1,CENTER,5
ATandT-Retail-Store-Receipt,AT&T Retail Store Receipt,MERCHANT_COPY,TOP,TOP,DASHES,NONE,NONE,HEADER|CUSTOM|CUSTOM|CUSTOM|CUSTOM|BARCODE|CUSTOM,NONE,NO_ITEMS,MIDDLE,LEFT,CRUMPLED_1,RIGHT,7
AandW-Fast-Food-Receipt,A&W Fast Food Receipt,MERCHANT_COPY,TOP,TOP,EQUALS,EQUALS,NONE,HEADER|CUSTOM|ITEMS|PAYMENT|ITEMS|CUSTOM,ITEM>TOTAL>TAX,PRESENT,NONE,LEFT,CRUMPLED_1,CENTER,6
Abercrombie-and-Fitch-Receipt,Abercrombie & Fitch Receipt,MERCHANT_COPY,TOP,TOP,EMPTY,NONE,NONE,HEADER|CUSTOM|CUSTOM|CUSTOM|CUSTOM|CUSTOM|CUSTOM,NONE,NO_ITEMS,NONE,LEFT,CRUMPLED_1,CENTER,7
Abortion-Receipt,Abortion Receipt,MERCHANT_COPY,TOP,TOP,DASHES,DASHES,NONE,HEADER|DATE|CUSTOM|CUSTOM|ITEMS|PAYMENT|CUSTOM|BARCODE,ITEM>SUBTOTAL>TAX>TOTAL>TENDER>META>AUTH,PRESENT,BOTTOM,LEFT,CRUMPLED_1,CENTER,8
Academy-Sports-+-Outdoors-Receipt,Academy Sports + Outdoors Receipt,MERCHANT_COPY,TOP,TOP,EMPTY,EMPTY,NONE,HEADER|CUSTOM|ITEMS|CUSTOM|CUSTOM,ITEM>SUBTOTAL>TAX>TOTAL,ABSENT,NONE,LEFT,CRUMPLED_1,LEFT,5
Accurate-Biometrics-Receipt,Accurate Biometrics Receipt,MERCHANT_COPY,TOP,NONE,NONE,NONE,NONE,HEADER|ITEMS|CUSTOM|CUSTOM,ITEM,ABSENT,NONE,LEFT,CRUMPLED_1,CENTER,4
Ace-Receipt,Ace Receipt,MERCHANT_COPY,TOP,TOP,DASHES,DASHES,NONE,HEADER|DATE|RESTAURANT|ITEMS|PAYMENT|CUSTOM|BARCODE,ITEM>SUBTOTAL>TAX>TOTAL>TENDER>META>AUTH,PRESENT,BOTTOM,LEFT,CRUMPLED_2,CENTER,7
Acne-Studios-Receipt,Acne Studios Receipt,MERCHANT_COPY,TOP,TOP,EMPTY,NONE,NONE,HEADER|CUSTOM|CUSTOM|CUSTOM|CUSTOM|CUSTOM|CUSTOM,NONE,NO_ITEMS,NONE,LEFT,CRUMPLED_1,LEFT,7
Action-Receipt,Action Receipt,MERCHANT_COPY,TOP,TOP,DASHES,DASHES,NONE,HEADER|ITEMS|CUSTOM|ITEMS|ITEMS|CUSTOM|ITEMS|CUSTOM|BARCODE,ITEM,ABSENT,BOTTOM,LEFT,CRUMPLED_1,CENTER,9
Adams-Catfish-House-Receipt,Adams Catfish House Receipt,MERCHANT_COPY,TOP,TOP,NONE,NONE,NONE,HEADER|ITEMS|CUSTOM,ITEM,ABSENT,NONE,LEFT,CRUMPLED_1,CENTER,3
Adidas-Receipt,Adidas Receipt,MERCHANT_COPY,TOP,TOP,DASHES,EMPTY,NONE,HEADER|CUSTOM|CUSTOM|ITEMS|ITEMS|ITEMS|PAYMENT|CUSTOM|CUSTOM|CUSTOM|BARCODE|CUSTOM|CUSTOM,ITEM>META>AUTH>TENDER>TOTAL,PRESENT,MIDDLE,LEFT,CRUMPLED_2,CENTER,13
Advance-Auto-Parts-Receipt,Advance Auto Parts Receipt,MERCHANT_COPY,TOP,TOP,EMPTY,NONE,NONE,HEADER|CUSTOM|CUSTOM|BARCODE|CUSTOM,NONE,NO_ITEMS,MIDDLE,LEFT,CRUMPLED_1,CENTER,5
Aeropostale-Broadway-Mall-Receipt,Aéropostale Broadway Mall Receipt,MERCHANT_COPY,TOP,TOP,NONE,DASHES,NONE,HEADER|ITEMS|ITEMS|ITEMS|CUSTOM|CUSTOM,ITEM,ABSENT,NONE,LEFT,CRUMPLED_1,CENTER,6
Airport-Parking-Receipt,Airport Parking Receipt,MERCHANT_COPY,TOP,TOP,DASHES,NONE,NONE,HEADER|CUSTOM|DATE|CUSTOM|ITEMS|PAYMENT|CUSTOM|BARCODE,ITEM>SUBTOTAL>TAX>TOTAL>TENDER>META>AUTH,ABSENT,BOTTOM,LEFT,CRUMPLED_1,CENTER,8
Airport-Taxi-Receipt,Airport Taxi Receipt,MERCHANT_COPY,TOP,TOP,STARS,NONE,PERCENT_20,HEADER|DATE|CUSTOM|ITEMS|CUSTOM|PAYMENT,ITEM>TOTAL>TENDER>META>AUTH,ABSENT,NONE,LEFT,CRUMPLED_1,CENTER,6
Albert-Heijn-Receipt,Albert Heijn Receipt,MERCHANT_COPY,TOP,NONE,DASHES,DASHES,NONE,HEADER|ITEMS|ITEMS|ITEMS|ITEMS|CUSTOM,ITEM,PRESENT,NONE,LEFT,CRUMPLED_1,CENTER,6
Albertsons-Receipt,Albertsons Receipt,UNSET,TOP,TOP,EMPTY,NONE,NONE,HEADER|CUSTOM|ITEMS|PAYMENT|DATE|CUSTOM,ITEM>SUBTOTAL>TAX>TOTAL>TENDER>CHANGE,PRESENT,NONE,UNSET,UNSET,CENTER,6
Alcampo-Spain-Receipt,Alcampo Spain Receipt,MERCHANT_COPY,TOP,NONE,NONE,EQUALS,NONE,HEADER|ITEMS|ITEMS|CUSTOM|ITEMS|BARCODE|CUSTOM,ITEM,PRESENT,MIDDLE,LEFT,CRUMPLED_1,LEFT,7
All-Saints-Receipt,All Saints Receipt,MERCHANT_COPY,TOP,TOP,EMPTY,EMPTY,NONE,HEADER|RESTAURANT|ITEMS|CUSTOM,META>ITEM>SUBTOTAL>TAX>TOTAL,PRESENT,NONE,LEFT,CRUMPLED_1,CENTER,4
Amano-Receipt,Amano Receipt,MERCHANT_COPY,TOP,NONE,NONE,NONE,NONE,HEADER|PAYMENT|CUSTOM,META>ITEM>SUBTOTAL>TOTAL,NO_ITEMS,NONE,LEFT,CRUMPLED_1,CENTER,3
American-Deli-Receipt,American Deli Receipt,MERCHANT_COPY,TOP,TOP,DASHES,EQUALS,NONE,HEADER|ITEMS|ITEMS|ITEMS|CUSTOM|CUSTOM|CUSTOM,ITEM,ABSENT,NONE,LEFT,CRUMPLED_1,CENTER,7
American-Eagle-Outfitters-Receipt,American Eagle Outfitters Receipt,MERCHANT_COPY,TOP,TOP,DASHES,NONE,NONE,HEADER|CUSTOM|CUSTOM|BARCODE|CUSTOM|ITEMS|CUSTOM,ITEM>SUBTOTAL>TAX>TOTAL,ABSENT,MIDDLE,LEFT,CRUMPLED_1,CENTER,7
American-Eagle-Receipt-Description,American Eagle Receipt  Description,MERCHANT_COPY,TOP,TOP,DASHES,NONE,NONE,HEADER|ITEMS|CUSTOM|CUSTOM|CUSTOM,ITEM>SUBTOTAL>TAX>TOTAL>TENDER,PRESENT,NONE,LEFT,CRUMPLED_1,CENTER,5
American-Eagle-Receipt,American Eagle Receipt,MERCHANT_COPY,TOP,NONE,EMPTY,NONE,NONE,HEADER|CUSTOM|CUSTOM|BARCODE|CUSTOM|ITEMS|PAYMENT|CUSTOM,ITEM>SUBTOTAL>TAX>TOTAL>TENDER>CHANGE,PRESENT,MIDDLE,LEFT,CRUMPLED_1,CENTER,8
Ancol-Jimbaran-Receipt,Ancol Jimbaran Receipt,MERCHANT_COPY,TOP,NONE,DASHES,DASHES,NONE,HEADER|ITEMS|ITEMS|CUSTOM|CUSTOM,ITEM,ABSENT,NONE,LEFT,CRUMPLED_1,CENTER,5
Apple-Receipt-example-with-AirPods-Generation-3-and-3-more-items-totalling-278-dollars,Apple Receipt example with AirPods Generation 3 and 3 more items totalling 278 dollars,MERCHANT_COPY,TOP,TOP,DASHES,DASHES,NONE,HEADER|CUSTOM|ITEMS|PAYMENT|BARCODE,ITEM>SUBTOTAL>TAX>TOTAL>TENDER>META>AUTH,PRESENT,BOTTOM,LEFT,CRUMPLED_3,LEFT,5
Apple-Receipt,Apple Receipt,MERCHANT_COPY,TOP,TOP,DASHES,DASHES,NONE,HEADER|CUSTOM|ITEMS|PAYMENT|BARCODE,ITEM>SUBTOTAL>TAX>TOTAL>TENDER>META>AUTH,PRESENT,BOTTOM,LEFT,CRUMPLED_1,LEFT,5
Applebee's-Receipt,Applebee’s Receipt,MERCHANT_COPY,TOP,TOP,DASHES,NONE,NONE,HEADER|DATE|ITEMS|CUSTOM,ITEM>SUBTOTAL,PRESENT,NONE,LEFT,CRUMPLED_1,CENTER,4
Arby's-Canada-Receipt,Arby's Canada Receipt,MERCHANT_COPY,TOP,NONE,DASHES,NONE,NONE,HEADER|CUSTOM|CUSTOM|ITEMS|CUSTOM,ITEM,PRESENT,NONE,LEFT,CRUMPLED_1,CENTER,5
Arby's-Receipt,Arby’s Receipt,MERCHANT_COPY,TOP,NONE,DASHES,NONE,NONE,HEADER|CUSTOM|CUSTOM|ITEMS|PAYMENT|CUSTOM|CUSTOM,ITEM>SUBTOTAL>TAX>TOTAL>TENDER>CHANGE,PRESENT,NONE,LEFT,CRUMPLED_1,CENTER,7
Aroy-Mak-Thai-Food-Receipt,Aroy Mak Thai Food Receipt,MERCHANT_COPY,TOP,NONE,NONE,EQUALS,NONE,HEADER|ITEMS|ITEMS|ITEMS|ITEMS|CUSTOM|CUSTOM,ITEM,ABSENT,NONE,LEFT,CRUMPLED_1,CENTER,7
Atlantic-Superstore-Receipt,Atlantic Superstore Receipt,MERCHANT_COPY,TOP,TOP,NONE,NONE,NONE,HEADER|ITEMS|CUSTOM|ITEMS|BARCODE,ITEM,ABSENT,BOTTOM,LEFT,CRUMPLED_1,LEFT,5
Auntie-Anne's-Receipt,Auntie Anne's Receipt,MERCHANT_COPY,TOP,NONE,DASHES,DASHES,NONE,HEADER|CUSTOM|ITEMS|ITEMS|ITEMS|ITEMS|CUSTOM|CUSTOM|BARCODE|CUSTOM,ITEM,ABSENT,MIDDLE,LEFT,CRUMPLED_1,CENTER,10
Auto-Repair-Receipt,Auto Repair Receipt,MERCHANT_COPY,TOP,TOP,DASHES,DASHES,PERCENT_50,HEADER|CUSTOM|CUSTOM|ITEMS|PAYMENT|BARCODE|CUSTOM|DATE,ITEM>SUBTOTAL>TAX>TOTAL>TENDER>META>AUTH,PRESENT,MIDDLE,LEFT,CRUMPLED_1,CENTER,8
Autozone-Receipt,Autozone Receipt,MERCHANT_COPY,TOP,TOP,EMPTY,EMPTY,NONE,HEADER|DATE|CUSTOM|ITEMS|PAYMENT|CUSTOM|BARCODE,ITEM>SUBTOTAL>TAX>TOTAL>TENDER>META>AUTH,PRESENT,BOTTOM,LEFT,CRUMPLED_1,CENTER,7
BIG-W-Receipt,BIG W Receipt ,MERCHANT_COPY,TOP,TOP,DASHES,DASHES,NONE,HEADER|ITEMS|BARCODE|CUSTOM,ITEM>SUBTOTAL>TENDER>CHANGE>TOTAL,PRESENT,MIDDLE,LEFT,CRUMPLED_1,CENTER,4
BJ's-Wholesale-Club-Receipt,BJ’s Wholesale Club Receipt ,MERCHANT_COPY,TOP,TOP,DASHES,NONE,NONE,HEADER|DATE|ITEMS|CUSTOM|CUSTOM,ITEM>SUBTOTAL>TAX>TOTAL,PRESENT,NONE,LEFT,CRUMPLED_1,CENTER,5
BP-Express-Receipt,BP Express Receipt,MERCHANT_COPY,TOP,NONE,NONE,NONE,NONE,HEADER|ITEMS|CUSTOM|CUSTOM|ITEMS|CUSTOM,ITEM,PRESENT,NONE,LEFT,CRUMPLED_1,CENTER,6
BP-Receipt,BP Receipt,MERCHANT_COPY,TOP,NONE,EMPTY,NONE,PERCENT_50,HEADER|RESTAURANT|ITEMS|PAYMENT|CUSTOM|CUSTOM,ITEM>SUBTOTAL>TAX>TOTAL>TENDER>CHANGE,PRESENT,NONE,LEFT,CRUMPLED_1,CENTER,6
Babysitting-Receipt,Babysitting Receipt,MERCHANT_COPY,TOP,TOP,DASHES,DOTS,NONE,HEADER|CUSTOM|DATE|CUSTOM|CUSTOM|ITEMS|PAYMENT|CUSTOM|BARCODE,ITEM>SUBTOTAL>TAX>TOTAL>TENDER>META>AUTH,PRESENT,BOTTOM,LEFT,CRUMPLED_1,CENTER,9
Bahama-Breeze-Receipt,Bahama Breeze Receipt,MERCHANT_COPY,TOP,TOP,DASHES,DASHES,NONE,HEADER|CUSTOM|CUSTOM|ITEMS|CUSTOM|ITEMS|CUSTOM|ITEMS|CUSTOM,ITEM>SUBTOTAL>TAX>TOTAL,PRESENT,NONE,LEFT,CRUMPLED_1,CENTER,9
Baja-Fresh-Receipt,Baja Fresh Receipt,MERCHANT_COPY,TOP,TOP,DASHES,NONE,NONE,HEADER|PAYMENT|PAYMENT|PAYMENT|CUSTOM,META>ITEM>SUBTOTAL>DISCOUNT>TOTAL>AUTH>CHANGE,NO_ITEMS,NONE,LEFT,CRUMPLED_1,CENTER,5
Bakery-Receipt,Bakery Receipt,MERCHANT_COPY,TOP,TOP,DASHES,DASHES,PERCENT_75,HEADER|BARCODE|DATE|ITEMS|PAYMENT|CUSTOM,ITEM>SUBTOTAL>TOTAL>TENDER>META>AUTH,PRESENT,MIDDLE,LEFT,CRUMPLED_1,CENTER,6
Baldwinsville-Tops-Receipt,Baldwinsville Tops Receipt,MERCHANT_COPY,TOP,TOP,NONE,NONE,NONE,HEADER|CUSTOM|ITEMS|CUSTOM|CUSTOM|CUSTOM|CUSTOM,ITEM,ABSENT,NONE,LEFT,CRUMPLED_1,CENTER,7
Balenciaga-receipt-example-with-Hourglass-Bag-Tax-and-3-more-items-totalling-3212-dollars-19-cents,"Balenciaga receipt example with Hourglass Bag, Tax and 3 more items totalling 3212 dollars 19 cents",MERCHANT_COPY,TOP,TOP,DASHES,DASHES,NONE,HEADER|DATE|ITEMS|PAYMENT|BARCODE,ITEM>SUBTOTAL>TAX>TOTAL>TENDER>META>AUTH,PRESENT,BOTTOM,UNSET,UNSET,CENTER,5
Balenciaga-receipt,Balenciaga receipt,MERCHANT_COPY,TOP,TOP,DASHES,DASHES,NONE,HEADER|DATE|ITEMS|PAYMENT|BARCODE,ITEM>SUBTOTAL>TAX>TOTAL>TENDER>META>AUTH,PRESENT,BOTTOM,UNSET,UNSET,CENTER,5
Bambu-Receipt,Bambu Receipt,MERCHANT_COPY,TOP,TOP,NONE,EQUALS,NONE,HEADER|ITEMS|ITEMS|CUSTOM,ITEM>TOTAL,PRESENT,NONE,LEFT,CRUMPLED_1,CENTER,4
Banana-Republic-Receipt,Banana Republic Receipt,MERCHANT_COPY,TOP,NONE,NONE,NONE,NONE,HEADER|ITEMS|BARCODE|CUSTOM|ITEMS|CUSTOM,ITEM,ABSENT,MIDDLE,LEFT,CRUMPLED_1,CENTER,6
BandM-Store-Receipt,B&M Store Receipt,MERCHANT_COPY,TOP,TOP,NONE,NONE,NONE,HEADER|ITEMS|BARCODE|CUSTOM|CUSTOM,ITEM,ABSENT,MIDDLE,LEFT,CRUMPLED_1,CENTER,5
BandQ-Receipt,B&Q Receipt,MERCHANT_COPY,TOP,TOP,DASHES,DASHES,NONE,HEADER|ITEMS|ITEMS|CUSTOM|CUSTOM|BARCODE|CUSTOM,ITEM,ABSENT,MIDDLE,LEFT,CRUMPLED_1,CENTER,7
Bank-Transaction-Receipt,Bank Transaction Receipt,MERCHANT_COPY,TOP,TOP,COLONS,NONE,NONE,HEADER|CUSTOM|CUSTOM|CUSTOM|CUSTOM|CUSTOM|CUSTOM|DATE|BARCODE,NONE,NO_ITEMS,BOTTOM,LEFT,CRUMPLED_1,CENTER,9
Bar-A-BBQ-Receipt,Bar-A-BBQ Receipt,MERCHANT_COPY,TOP,NONE,NONE,DASHES,NONE,HEADER|ITEMS|ITEMS|ITEMS|ITEMS|ITEMS|ITEMS|CUSTOM,ITEM,ABSENT,NONE,LEFT,CRUMPLED_1,LEFT,8
Bar-and-Grill-Receipt,Bar & Grill Receipt,MERCHANT_COPY,TOP,TOP,DASHES,DASHES,NONE,HEADER|ITEMS|ITEMS|ITEMS|ITEMS|CUSTOM|CUSTOM,ITEM,ABSENT,NONE,LEFT,CRUMPLED_1,CENTER,7
Barnes-and-Noble-Receipt,Barnes & Noble Receipt,MERCHANT_COPY,TOP,NONE,EMPTY,NONE,NONE,HEADER|CUSTOM|CUSTOM|CUSTOM|CUSTOM|BARCODE|CUSTOM,NONE,NO_ITEMS,MIDDLE,LEFT,CRUMPLED_1,CENTER,7
Barton-Rouge-Receipt,Barton Rouge Receipt,MERCHANT_COPY,TOP,TOP,NONE,NONE,NONE,HEADER|ITEMS|CUSTOM|ITEMS|CUSTOM|BARCODE|CUSTOM,ITEM,PRESENT,MIDDLE,LEFT,CRUMPLED_1,CENTER,7
Basebowl-Washington-DC-Receipt,"Basebowl Washington, DC Receipt",MERCHANT_COPY,TOP,NONE,NONE,DASHES,NONE,HEADER|ITEMS|ITEMS|ITEMS|CUSTOM|CUSTOM,ITEM,ABSENT,NONE,LEFT,CRUMPLED_1,CENTER,6
Baskin-Robbins-Receipt,Baskin Robbins Receipt,MERCHANT_COPY,TOP,TOP,EMPTY,EMPTY,NONE,HEADER|DATE|ITEMS|PAYMENT|CUSTOM,ITEM>SUBTOTAL>TAX>TOTAL>TENDER>CHANGE,PRESENT,NONE,LEFT,CRUMPLED_1,CENTER,5
Bass-Pro-Shops-Cabela's-Gift-Card-Receipt,Bass Pro Shops - Cabela’s Gift Card Receipt,MERCHANT_COPY,TOP,TOP,EMPTY,NONE,NONE,HEADER|DATE|CUSTOM|CUSTOM,NONE,NO_ITEMS,NONE,LEFT,CRUMPLED_1,CENTER,4
Bass-Pro-Shops-Outdoor-World-Receipt,Bass Pro Shops Outdoor World Receipt,MERCHANT_COPY,TOP,TOP,EMPTY,EMPTY,NONE,HEADER|DATE|ITEMS|CUSTOM,ITEM>TAX>TENDER>TOTAL,ABSENT,NONE,LEFT,CRUMPLED_1,CENTER,4
Bath-and-Body-Works-Receipt,Bath & Body Works Receipt,MERCHANT_COPY,TOP,TOP,EMPTY,NONE,NONE,HEADER|DATE|CUSTOM|BARCODE|CUSTOM|CUSTOM|CUSTOM|CUSTOM|CUSTOM,NONE,NO_ITEMS,MIDDLE,LEFT,CRUMPLED_1,CENTER,9
Bealls-Outlet-Receipt,Bealls Outlet Receipt,MERCHANT_COPY,TOP,TOP,EMPTY,NONE,NONE,HEADER|CUSTOM|CUSTOM|CUSTOM,NONE,NO_ITEMS,NONE,LEFT,CRUMPLED_1,CENTER,4
Bed-Bath-and-Beyond-Receipt,Bed Bath & Beyond Receipt,MERCHANT_COPY,TOP,TOP,EMPTY,EMPTY,NONE,HEADER|ITEMS|PAYMENT|CUSTOM,ITEM>SUBTOTAL>TAX>TOTAL>TENDER>CHANGE,PRESENT,NONE,LEFT,CRUMPLED_1,CENTER,4
Beefeater-Harvester-Receipt,Beefeater Harvester Receipt,MERCHANT_COPY,TOP,NONE,DASHES,DASHES,NONE,HEADER|ITEMS|ITEMS|CUSTOM|CUSTOM|CUSTOM,ITEM,PRESENT,NONE,LEFT,CRUMPLED_1,CENTER,6
Bel-Air-Markets-Receipt,Bel Air Markets Receipt,MERCHANT_COPY,TOP,NONE,NONE,NONE,NONE,HEADER|ITEMS|CUSTOM,ITEM,ABSENT,NONE,LEFT,CRUMPLED_1,CENTER,3
Belk-Receipt,Belk Receipt,MERCHANT_COPY,TOP,TOP,EMPTY,NONE,NONE,HEADER|CUSTOM|CUSTOM,NONE,NO_ITEMS,NONE,LEFT,CRUMPLED_1,CENTER,3
Bella-Italia-Receipt,Bella Italia Receipt,MERCHANT_COPY,TOP,TOP,NONE,DASHES,NONE,HEADER|ITEMS|ITEMS|ITEMS|CUSTOM,ITEM,PRESENT,NONE,LEFT,CRUMPLED_1,CENTER,5
Ben-and-Jerry's-Receipt,Ben & Jerry's Receipt,MERCHANT_COPY,TOP,TOP,DASHES,DASHES,NONE,HEADER|ITEMS|CUSTOM|CUSTOM|ITEMS|ITEMS|ITEMS,ITEM,ABSENT,NONE,LEFT,CRUMPLED_1,CENTER,7
Bench-Cafe-and-Restaurant-Tax-Invoice,Bench Cafe & Restaurant Tax Invoice,MERCHANT_COPY,TOP,TOP,DASHES,DASHES,NONE,HEADER|ITEMS|ITEMS|ITEMS|CUSTOM|CUSTOM|CUSTOM|BARCODE,ITEM,PRESENT,BOTTOM,LEFT,CRUMPLED_1,CENTER,8
Benihana-Receipt,Benihana Receipt,MERCHANT_COPY,TOP,NONE,NONE,NONE,NONE,HEADER|ITEMS,ITEM,ABSENT,NONE,LEFT,CRUMPLED_1,CENTER,2
Bergdorf-Goodman-Receipt,Bergdorf Goodman Receipt,MERCHANT_COPY,TOP,TOP,EMPTY,NONE,NONE,HEADER|CUSTOM|CUSTOM|CUSTOM,NONE,NO_ITEMS,NONE,LEFT,CRUMPLED_1,CENTER,4
Best-Buy-Receipt-example-Camera-Canon-EF24-70mm-f2.8L-II-USM-Black-USB-wire-and-Photo-port-case-totalling-1887-dollars-77-cents,"Best Buy Receipt example Camera Canon EF24-70mm f/2.8L II USM, Black USB wire, and Photo port case, totalling 1887 dollars 77 cents",UNSET,TOP,TOP,DASHES,EQUALS,PERCENT_10,HEADER|CUSTOM|ITEMS|PAYMENT|CUSTOM,ITEM>SUBTOTAL>TAX>TOTAL>TENDER>META>AUTH,PRESENT,NONE,UNSET,UNSET,CENTER,5
Best-Buy-Receipt-example-Sony-WF1000XM5-In-Ear-Noise-Cancelling-True-Wireless-Earbuds-Black-for-373-dollars-40-cents-with-42-dollars-96-cents-tax-totalling-416-dollars-36-cents,Best Buy Receipt example Sony WF1000XM5 In Ear Noise Cancelling True Wireless Earbuds Black for 373 dollars 40 cents with 42 dollars 96 cents tax totalling 416 dollars 36 cents,UNSET,TOP,TOP,EMPTY,NONE,NONE,HEADER|CUSTOM|ITEMS|PAYMENT|DATE|CUSTOM,ITEM>SUBTOTAL>TAX>TOTAL>TENDER>META>AUTH,PRESENT,NONE,UNSET,UNSET,CENTER,6
Best-Buy-Receipt-example-with-AirPod-Pro-2nd-Generation-totalling-dollar207.71,"Best Buy Receipt example with AirPod Pro 2nd Generation, totalling $207.71",UNSET,TOP,TOP,EMPTY,NONE,NONE,HEADER|CUSTOM|ITEMS|PAYMENT|DATE|CUSTOM,ITEM>SUBTOTAL>TAX>TOTAL>TENDER>META>AUTH,PRESENT,NONE,UNSET,UNSET,CENTER,6
Best-Buy-Receipt-example-with-Canon-PowerShot-G7-X-Mark-III-Total-1652-dollars-99-cents,"Best Buy Receipt example with Canon PowerShot G7 X Mark III, Total 1652 dollars 99 cents",UNSET,TOP,TOP,EMPTY,NONE,NONE,HEADER|CUSTOM|ITEMS|PAYMENT|DATE|CUSTOM,ITEM>SUBTOTAL>TAX>TOTAL>TENDER>META>AUTH,PRESENT,NONE,UNSET,UNSET,CENTER,6
Best-Buy-Receipt-example-with-Canon-PowerShot-G7-X-Mark-III-and-1-more-items-totalling-1652-dollars-99-cents,Best Buy Receipt example with Canon PowerShot G7 X Mark III and 1 more items totalling 1652 dollars 99 cents,UNSET,TOP,TOP,EMPTY,NONE,NONE,HEADER|CUSTOM|ITEMS|PAYMENT|DATE|CUSTOM,ITEM>SUBTOTAL>TAX>TOTAL>TENDER>META>AUTH,PRESENT,NONE,UNSET,UNSET,CENTER,6
Best-Buy-Receipt-example-with-Canon-RF-24-105mm-f4L-IS-USM-lens-and-3-more-items-totalling-dollar1413.99,"Best Buy Receipt example with Canon RF 24-105mm f/4L IS USM lens and 3 more items totalling $1,413.99",UNSET,TOP,TOP,DASHES,DASHES,PERCENT_10,HEADER|CUSTOM|ITEMS|PAYMENT|CUSTOM,ITEM>SUBTOTAL>TAX>TOTAL>TENDER>META>AUTH,PRESENT,NONE,UNSET,UNSET,CENTER,5
Best-Buy-Receipt-example-with-HP-Latitude-Laptop-and-1-more-item-totalling-800-dollars-80-cents,Best Buy Receipt example with HP Latitude Laptop and 1 more item totalling 800 dollars 80 cents,UNSET,TOP,TOP,EMPTY,NONE,PERCENT_10,HEADER|CUSTOM|ITEMS|PAYMENT|DATE|CUSTOM|BARCODE,ITEM>SUBTOTAL>TAX>TOTAL>TENDER>META>AUTH,PRESENT,BOTTOM,UNSET,UNSET,CENTER,7
Best-Buy-Receipt-example-with-Iphone-12-Pro-Max-128Gb-and-3-more-items-totalling-dollar1149,"Best Buy Receipt example with Iphone 12 Pro Max 128Gb and 3 more items totalling $1,149",UNSET,TOP,TOP,DASHES,DASHES,PERCENT_10,HEADER|CUSTOM|ITEMS|PAYMENT|CUSTOM,ITEM>SUBTOTAL>TAX>TOTAL>TENDER>META>AUTH,PRESENT,NONE,UNSET,UNSET,CENTER,5
Best-Buy-Receipt-example-with-Iphone-16-pro-max-total-of-1220-dollars-66-cents,"Best Buy Receipt example with Iphone 16 pro max, total of 1220 dollars 66 cents",UNSET,TOP,TOP,EMPTY,NONE,NONE,HEADER|CUSTOM|ITEMS|PAYMENT|DATE|CUSTOM,ITEM>SUBTOTAL>TAX>TOTAL>TENDER>CHANGE,PRESENT,NONE,UNSET,UNSET,CENTER,6
Best-Buy-Receipt-example-with-Logitech-MK470-Fullsize-and-1-more-item-totalling-dollar43.54,Best Buy Receipt example with Logitech MK470 Fullsize and 1 more item totalling $43.54,UNSET,TOP,TOP,EMPTY,NONE,NONE,HEADER|CUSTOM|ITEMS|PAYMENT|DATE|CUSTOM,ITEM>SUBTOTAL>TOTAL>TENDER,PRESENT,NONE,UNSET,UNSET,CENTER,6
Best-Buy-Receipt-example-with-Sony-WF1000XM5-In-Ear-Noise-Cancelling-True-Wireless-Earbuds-and-1-more-items-totalling-416-dollars-36-cents,Best Buy Receipt example with Sony WF1000XM5 In-Ear Noise Cancelling True Wireless Earbuds and 1 more items totalling 416 dollars 36 cents,UNSET,TOP,TOP,EMPTY,NONE,NONE,HEADER|CUSTOM|ITEMS|PAYMENT|DATE|CUSTOM,ITEM>SUBTOTAL>TAX>TOTAL>TENDER>META>AUTH,PRESENT,NONE,UNSET,UNSET,CENTER,6
Best-Buy-Receipt,Best Buy Receipt,UNSET,TOP,TOP,EMPTY,NONE,NONE,HEADER|CUSTOM|ITEMS|PAYMENT|DATE|CUSTOM,ITEM>SUBTOTAL>TAX>TOTAL>TENDER>CHANGE,PRESENT,NONE,UNSET,UNSET,CENTER,6
Best-Buy-Sales-Receipt,Best Buy Sales Receipt,MERCHANT_COPY,TOP,NONE,NONE,NONE,NONE,HEADER|BARCODE|CUSTOM|PAYMENT|CUSTOM,SUBTOTAL>TAX>TOTAL>TENDER>CHANGE,NO_ITEMS,MIDDLE,LEFT,CRUMPLED_1,CENTER,5
Best-Havasu-Hardware-Receipt,Best Havasu Hardware Receipt,MERCHANT_COPY,TOP,TOP,EMPTY,EMPTY,NONE,HEADER|DATE|ITEMS|PAYMENT|BARCODE|CUSTOM,ITEM>SUBTOTAL>TAX>TOTAL>TENDER>CHANGE,PRESENT,MIDDLE,LEFT,CRUMPLED_1,CENTER,6
Betty's-At-The-Kitch-Receipt,Betty's At The Kitch Receipt,MERCHANT_COPY,TOP,NONE,NONE,NONE,NONE,HEADER|CUSTOM|ITEMS|CUSTOM|CUSTOM,ITEM,ABSENT,NONE,LEFT,CRUMPLED_1,CENTER,5
BevMo!-Receipt,BevMo! Receipt,MERCHANT_COPY,TOP,TOP,EMPTY,DASHES,NONE,HEADER|CUSTOM|CUSTOM|ITEMS|CUSTOM|CUSTOM|CUSTOM|CUSTOM,ITEM>SUBTOTAL>TAX>TOTAL,PRESENT,NONE,LEFT,CRUMPLED_1,CENTER,8
Biedronka-Receipt,Biedronka Receipt,MERCHANT_COPY,TOP,TOP,NONE,DASHES,NONE,HEADER|ITEMS|CUSTOM|ITEMS|ITEMS|ITEMS|ITEMS|CUSTOM|ITEMS|BARCODE|CUSTOM|ITEMS|CUSTOM|ITEMS|CUSTOM,ITEM,ABSENT,MIDDLE,LEFT,CRUMPLED_1,CENTER,15
Big-Bowl-Receipt,Big Bowl Receipt,MERCHANT_COPY,TOP,NONE,DASHES,NONE,NONE,HEADER|CUSTOM|CUSTOM|CUSTOM|ITEMS|CUSTOM,ITEM,ABSENT,NONE,LEFT,CRUMPLED_1,CENTER,6
Big-Lots-Receipt,Big Lots Receipt,MERCHANT_COPY,TOP,TOP,EMPTY,EMPTY,NONE,HEADER|CUSTOM|CUSTOM|BARCODE|CUSTOM|ITEMS|PAYMENT|CUSTOM,ITEM>SUBTOTAL>TAX>TOTAL>TENDER>CHANGE,PRESENT,MIDDLE,LEFT,CRUMPLED_1,CENTER,8
Bill's-Receipt,Bill's Receipt,MERCHANT_COPY,TOP,TOP,DASHES,DASHES,NONE,HEADER|ITEMS|ITEMS|ITEMS|CUSTOM,ITEM,PRESENT,NONE,LEFT,CRUMPLED_1,CENTER,5
Billa-Receipt,Billa Receipt,MERCHANT_COPY,TOP,TOP,NONE,DASHES,NONE,HEADER|ITEMS|ITEMS|ITEMS|ITEMS|CUSTOM|ITEMS|CUSTOM,ITEM,ABSENT,NONE,LEFT,CRUMPLED_1,CENTER,8
Binion's-Road-House-Receipt,Binion's Road House Receipt,MERCHANT_COPY,TOP,NONE,DASHES,NONE,NONE,HEADER|CUSTOM|CUSTOM|PAYMENT|CUSTOM,ITEM>TAX>TOTAL,NO_ITEMS,NONE,LEFT,CRUMPLED_1,CENTER,5
Bipang-Ambawang-Receipt,Bipang Ambawang Receipt,MERCHANT_COPY,TOP,TOP,NONE,DASHES,NONE,HEADER|CUSTOM|ITEMS|ITEMS|CUSTOM,ITEM>SUBTOTAL>TIP>TOTAL,ABSENT,NONE,LEFT,CRUMPLED_1,CENTER,5
Bird-in-Hand-Receipt,Bird in Hand Receipt,MERCHANT_COPY,TOP,TOP,NONE,DASHES,NONE,HEADER|CUSTOM|ITEMS|CUSTOM,ITEM,ABSENT,NONE,LEFT,CRUMPLED_1,CENTER,4
Bit's-n-Bob's-Receipt,Bit's n Bob's Receipt,MERCHANT_COPY,TOP,NONE,DASHES,NONE,NONE,HEADER|CUSTOM|CUSTOM|PAYMENT|PAYMENT,ITEM>TOTAL>TENDER>CHANGE>TAX,NO_ITEMS,NONE,LEFT,CRUMPLED_1,LEFT,5
Blaze-Pizza-Receipt,Blaze Pizza Receipt,MERCHANT_COPY,TOP,TOP,EQUALS,NONE,NONE,HEADER|CUSTOM|ITEMS|CUSTOM|ITEMS|CUSTOM|CUSTOM,ITEM,ABSENT,NONE,LEFT,CRUMPLED_1,CENTER,7
Blend-Receipt,Blend Receipt,MERCHANT_COPY,TOP,TOP,EQUALS,EQUALS,NONE,HEADER|ITEMS|CUSTOM|ITEMS,ITEM,PRESENT,NONE,LEFT,CRUMPLED_1,CENTER,4
Blue-Pine-Receipt,Blue Pine Receipt,MERCHANT_COPY,TOP,TOP,DASHES,DASHES,NONE,HEADER|ITEMS|CUSTOM|ITEMS,ITEM,PRESENT,NONE,LEFT,CRUMPLED_1,CENTER,4
Bojangles-Receipt,Bojangles Receipt,UNSET,TOP,NONE,DASHES,NONE,NONE,HEADER|CUSTOM|CUSTOM|CUSTOM|PAYMENT|CUSTOM,ITEM>TAX>TENDER>CHANGE,NO_ITEMS,NONE,UNSET,UNSET,CENTER,6
Bollywood-Parks-Dubai-Receipt,Bollywood Parks Dubai Receipt,MERCHANT_COPY,TOP,TOP,DASHES,DASHES,NONE,HEADER|ITEMS|ITEMS|CUSTOM|CUSTOM|BARCODE|CUSTOM|CUSTOM|CUSTOM,ITEM,ABSENT,MIDDLE,LEFT,CRUMPLED_1,CENTER,9
Bon-Bini-Supermarket-Receipt,Bon Bini Supermarket Receipt,MERCHANT_COPY,TOP,TOP,DASHES,DASHES,NONE,HEADER|CUSTOM|CUSTOM|CUSTOM|CUSTOM|ITEMS|ITEMS|ITEMS|CUSTOM|CUSTOM,ITEM,ABSENT,NONE,LEFT,CRUMPLED_1,LEFT,10
Bonefish-Grill-Receipt,Bonefish Grill Receipt,MERCHANT_COPY,TOP,TOP,NONE,NONE,NONE,HEADER|CUSTOM|ITEMS|CUSTOM|RESTAURANT|CUSTOM|ITEMS|CUSTOM,ITEM>SUBTOTAL>TAX,ABSENT,NONE,LEFT,CRUMPLED_1,CENTER,8
Books-A-Million-Receipt,Books-A-Million Receipt ,MERCHANT_COPY,TOP,TOP,EMPTY,NONE,NONE,HEADER|CUSTOM|CUSTOM|CUSTOM|CUSTOM|CUSTOM|CUSTOM|CUSTOM,NONE,NO_ITEMS,NONE,LEFT,CRUMPLED_1,CENTER,8
Boots-Receipt,Boots Receipt,MERCHANT_COPY,TOP,TOP,DASHES,NONE,NONE,HEADER|CUSTOM|CUSTOM|CUSTOM|CUSTOM|CUSTOM,NONE,NO_ITEMS,NONE,LEFT,CRUMPLED_1,CENTER,6
Bosley's-Pet-Valu-Receipt,Bosley’s - Pet Valu Receipt,MERCHANT_COPY,TOP,TOP,STARS,STARS,NONE,HEADER|ITEMS|CUSTOM|CUSTOM,ITEM>TAX>TOTAL>TENDER,PRESENT,NONE,LEFT,CRUMPLED_5,CENTER,4
Boston-Pizza-Receipt,Boston Pizza Receipt,MERCHANT_COPY,TOP,TOP,STARS,NONE,NONE,HEADER|CUSTOM|ITEMS|CUSTOM|CUSTOM,ITEM>SUBTOTAL>TAX>TOTAL,ABSENT,NONE,LEFT,CRUMPLED_1,CENTER,5
Boulangerie-Patisserie-Sicard-Receipt,Boulangerie Patisserie Sicard Receipt,MERCHANT_COPY,TOP,TOP,DASHES,DASHES,NONE,HEADER|CUSTOM|ITEMS|CUSTOM|ITEMS|BARCODE|CUSTOM,ITEM,PRESENT,MIDDLE,LEFT,CRUMPLED_1,LEFT,7
Brasserie-Blanc-Receipt,Brasserie Blanc Receipt,MERCHANT_COPY,TOP,NONE,NONE,DASHES,NONE,HEADER|ITEMS|ITEMS|ITEMS|CUSTOM|CUSTOM,ITEM,PRESENT,NONE,LEFT,CRUMPLED_1,CENTER,6
Brasserie-Lipp-Receipt,Brasserie Lipp Receipt,MERCHANT_COPY,TOP,NONE,NONE,NONE,NONE,HEADER|CUSTOM|CUSTOM|ITEMS|CUSTOM|CUSTOM|CUSTOM,ITEM,ABSENT,NONE,LEFT,CRUMPLED_1,CENTER,7
Bravo-Supermarket-Receipt,Bravo Supermarket Receipt,MERCHANT_COPY,TOP,TOP,NONE,NONE,NONE,HEADER|ITEMS|ITEMS|CUSTOM,ITEM>SUBTOTAL>TOTAL,ABSENT,NONE,LEFT,CRUMPLED_1,CENTER,4
Brew-Cafe-Receipt,Brew Cafe Receipt,MERCHANT_COPY,TOP,NONE,DASHES,NONE,NONE,HEADER|CUSTOM|CUSTOM|PAYMENT|PAYMENT|CUSTOM|PAYMENT|CUSTOM,ITEM>TOTAL>TENDER>TAX,NO_ITEMS,NONE,LEFT,CRUMPLED_1,CENTER,8
Brico-Depot-Receipt,Brico Depot Receipt,MERCHANT_COPY,TOP,TOP,NONE,NONE,NONE,HEADER|ITEMS|BARCODE|CUSTOM|CUSTOM,ITEM,PRESENT,MIDDLE,LEFT,CRUMPLED_1,CENTER,5
Bridgestone-receipt-example-with-Bridgestone-ALENZA-AS-ULTRA-Tires-Debit-card-and-1-more-items-totalling-6-dollars-39-cents,"Bridgestone receipt example with Bridgestone ALENZA AS ULTRA Tires, Debit card and 1 more items totalling 6 dollars 39 cents",MERCHANT_COPY,TOP,TOP,DASHES,DASHES,NONE,HEADER|DATE|ITEMS|PAYMENT|BARCODE,ITEM>SUBTOTAL>TAX>TOTAL>TENDER>META>AUTH,PRESENT,BOTTOM,UNSET,UNSET,CENTER,5
Brioche-Doree-Receipt,Brioche Dorée Receipt,MERCHANT_COPY,TOP,TOP,DASHES,DASHES,NONE,HEADER|CUSTOM|CUSTOM|ITEMS|ITEMS|ITEMS|ITEMS|CUSTOM,ITEM,ABSENT,NONE,LEFT,CRUMPLED_1,CENTER,8
Bristol-Farms-Receipt,Bristol Farms Receipt,MERCHANT_COPY,TOP,TOP,STARS,NONE,NONE,HEADER|PAYMENT|CUSTOM|PAYMENT|CUSTOM|BARCODE|CUSTOM|CUSTOM,ITEM>TAX>TENDER>CHANGE,NO_ITEMS,MIDDLE,LEFT,CRUMPLED_1,CENTER,8
Brooklyn-Deli-and-Market-Receipt,Brooklyn Deli and Market Receipt,MERCHANT_COPY,TOP,TOP,DASHES,NONE,NONE,HEADER|CUSTOM|CUSTOM|PAYMENT|PAYMENT|CUSTOM,ITEM>TOTAL,NO_ITEMS,NONE,LEFT,CRUMPLED_1,LEFT,6
Brookshire's-Receipt,Brookshire's Receipt,MERCHANT_COPY,TOP,TOP,NONE,NONE,NONE,HEADER|ITEMS|ITEMS|CUSTOM|ITEMS|CUSTOM|CUSTOM,ITEM>SUBTOTAL>TAX>TOTAL>TENDER,ABSENT,NONE,LEFT,CRUMPLED_1,CENTER,7
Buc-ee's-Receipt,Buc-ee’s Receipt,MERCHANT_COPY,TOP,NONE,EMPTY,EMPTY,NONE,HEADER|ITEMS|PAYMENT|CUSTOM,ITEM>SUBTOTAL>TAX>TOTAL>TENDER>CHANGE,ABSENT,NONE,LEFT,CRUMPLED_1,CENTER,4
Buena-Vista-Deli-Receipt,Buena Vista Deli Receipt,MERCHANT_COPY,TOP,NONE,NONE,NONE,NONE,HEADER|CUSTOM|CUSTOM|ITEMS|CUSTOM,ITEM,ABSENT,NONE,LEFT,CRUMPLED_1,CENTER,5
Buffalo-Wild-Wings-Receipt,Buffalo Wild Wings Receipt,MERCHANT_COPY,TOP,NONE,DASHES,DASHES,NONE,HEADER|CUSTOM|CUSTOM|ITEMS|PAYMENT|CUSTOM,ITEM>SUBTOTAL>TAX>TOTAL>TENDER>CHANGE,PRESENT,NONE,LEFT,CRUMPLED_4,CENTER,6
Bumps-Family-Restaurant-Receipt,Bumps Family Restaurant Receipt,MERCHANT_COPY,TOP,NONE,NONE,NONE,NONE,HEADER|PAYMENT|CUSTOM,META>ITEM>TOTAL,NO_ITEMS,NONE,LEFT,CRUMPLED_1,CENTER,3
Bunnings-Warehouse-Receipt,Bunnings Warehouse Receipt,MERCHANT_COPY,TOP,TOP,DASHES,NONE,NONE,HEADER|CUSTOM|CUSTOM|ITEMS|CUSTOM|CUSTOM,ITEM,ABSENT,NONE,LEFT,CRUMPLED_1,CENTER,6
Burberry-Receipt,Burberry Receipt,MERCHANT_COPY,TOP,TOP,DASHES,NONE,PERCENT_20,HEADER|CUSTOM|RESTAURANT|ITEMS|PAYMENT|CUSTOM,ITEM>SUBTOTAL>TAX>TOTAL>TENDER>META>AUTH,ABSENT,NONE,LEFT,CRUMPLED_1,CENTER,6
Burger-King-Receipt,Burger King Receipt,MERCHANT_COPY,TOP,TOP,EMPTY,EMPTY,NONE,HEADER|DATE|ITEMS|CUSTOM|CUSTOM,ITEM>SUBTOTAL>TAX>TOTAL,PRESENT,NONE,LEFT,CRUMPLED_1,CENTER,5
Burger-Oiz-Receipt,Burger Oiz Receipt,MERCHANT_COPY,TOP,TOP,DASHES,DASHES,NONE,HEADER|CUSTOM|ITEMS|ITEMS|ITEMS|CUSTOM,ITEM,PRESENT,NONE,LEFT,CRUMPLED_1,CENTER,6
BurgerFi-Receipt,BurgerFi Receipt,MERCHANT_COPY,TOP,TOP,DASHES,NONE,NONE,HEADER|CUSTOM|ITEMS|CUSTOM|CUSTOM|ITEMS|CUSTOM,ITEM,ABSENT,NONE,LEFT,CRUMPLED_1,CENTER,7
Burlington-Receipt,Burlington Receipt,MERCHANT_COPY,TOP,TOP,EMPTY,EMPTY,NONE,HEADER|CUSTOM|BARCODE|CUSTOM|ITEMS|PAYMENT|CUSTOM|CUSTOM|CUSTOM|CUSTOM|CUSTOM,ITEM>SUBTOTAL>TAX>TOTAL>TENDER>CHANGE,ABSENT,MIDDLE,LEFT,CRUMPLED_1,CENTER,11
Butter-Baby-Receipt,Butter Baby Receipt,MERCHANT_COPY,TOP,TOP,DASHES,DASHES,NONE,HEADER|CUSTOM|ITEMS|CUSTOM|PAYMENT|CUSTOM,ITEM>TOTAL,ABSENT,NONE,LEFT,CRUMPLED_1,CENTER,6
CARQUEST-Logo-Receipt,CARQUEST Logo Receipt,MERCHANT_COPY,TOP,TOP,EMPTY,NONE,NONE,HEADER|CUSTOM|CUSTOM|CUSTOM|BARCODE|CUSTOM,NONE,NO_ITEMS,MIDDLE,LEFT,CRUMPLED_1,CENTER,6
CVS-Pharmacy-Receipt-example-with-Cleaning-Wipes-and-1-more-item-totalling-9-dollars-71-cents,CVS Pharmacy Receipt example with Cleaning Wipes and 1 more item totalling 9 dollars 71 cents,UNSET,TOP,TOP,EMPTY,NONE,NONE,HEADER|CUSTOM|ITEMS|PAYMENT|CUSTOM|DATE,ITEM>SUBTOTAL>TAX>TOTAL>TENDER>CHANGE,PRESENT,NONE,UNSET,UNSET,CENTER,6
CVS-Pharmacy-Receipt-example-with-Friskies-Tasty-Prime-Fillets-Assorted-Cat-Food-and-1-more-item-totalling-14-dollars-33-cents,CVS Pharmacy Receipt example with Friskies Tasty Prime Fillets Assorted Cat Food and 1 more item totalling 14 dollars 33 cents,UNSET,TOP,TOP,DASHES,DASHES,NONE,HEADER|CUSTOM|ITEMS|PAYMENT|DATE|CUSTOM,ITEM>SUBTOTAL>TAX>TOTAL>TENDER>META>AUTH,PRESENT,NONE,UNSET,UNSET,CENTER,6
CVS-Pharmacy-Receipt-example-with-Pepto-Child-Tabs-Sprite-and-2-more-items-totalling-13-dollars-78-cents,"CVS Pharmacy Receipt example with Pepto Child Tabs, Sprite and 2 more items totalling 13 dollars 78 cents",UNSET,TOP,TOP,EMPTY,EMPTY,NONE,HEADER|DATE|ITEMS|CUSTOM|BARCODE|PAYMENT,ITEM>SUBTOTAL>TAX>TOTAL>TENDER>META>AUTH,PRESENT,MIDDLE,UNSET,UNSET,CENTER,6
CVS-Pharmacy-Receipt-example-with-Prescription-and-1-more-item-totalling-66-dollars-76-cents,CVS Pharmacy Receipt example with Prescription and 1 more item totalling 66 dollars 76 cents,FAKE_RECEIPT,TOP,TOP,STARS,NONE,NONE,HEADER|CUSTOM|ITEMS|DATE|CUSTOM,ITEM>SUBTOTAL>TAX>TOTAL,PRESENT,NONE,LEFT,CRUMPLED_4,CENTER,5
CVS-Pharmacy-Receipt,CVS Pharmacy Receipt,UNSET,TOP,TOP,EMPTY,NONE,NONE,HEADER|CUSTOM|ITEMS|PAYMENT|DATE|CUSTOM,ITEM>SUBTOTAL>TAX>TOTAL>TENDER>CHANGE,PRESENT,NONE,UNSET,UNSET,CENTER,6
Cabela's-Receipt,Cabela’s Receipt,MERCHANT_COPY,TOP,TOP,EMPTY,EMPTY,NONE,HEADER|DATE|ITEMS|CUSTOM|CUSTOM,ITEM>SUBTOTAL>TAX>TOTAL>TENDER,ABSENT,NONE,LEFT,CRUMPLED_1,CENTER,5
Cactus-Club-Cafe-Receipt,Cactus Club Cafe Receipt,MERCHANT_COPY,TOP,NONE,DASHES,NONE,NONE,HEADER|ITEMS|CUSTOM|ITEMS|CUSTOM|CUSTOM,ITEM>SUBTOTAL>TAX,PRESENT,NONE,LEFT,CRUMPLED_1,LEFT,6
Cafe-Anjani-Receipt,Cafe Anjani Receipt,MERCHANT_COPY,TOP,TOP,DASHES,DASHES,NONE,HEADER|CUSTOM|ITEMS|ITEMS|ITEMS|CUSTOM,ITEM,PRESENT,NONE,LEFT,CRUMPLED_1,CENTER,6
Cafe-Obligado-Receipt,Café Obligado Receipt,MERCHANT_COPY,TOP,TOP,DASHES,DASHES,NONE,HEADER|CUSTOM|ITEMS|ITEMS|CUSTOM|CUSTOM,ITEM,PRESENT,NONE,LEFT,CRUMPLED_1,CENTER,6
Cafe-Rouge-Receipt,Cafe Rouge Receipt,MERCHANT_COPY,TOP,TOP,DASHES,DASHES,NONE,HEADER|CUSTOM|CUSTOM|ITEMS|ITEMS|CUSTOM|CUSTOM,ITEM,PRESENT,NONE,LEFT,CRUMPLED_1,CENTER,7
Caffe-Nero-Receipt,Caffè Nero Receipt,MERCHANT_COPY,TOP,NONE,DASHES,EMPTY,NONE,HEADER|CUSTOM|CUSTOM|ITEMS|PAYMENT|CUSTOM|CUSTOM,ITEM>SUBTOTAL>TAX>TOTAL>TENDER>CHANGE,PRESENT,NONE,LEFT,CRUMPLED_1,CENTER,7
Caffellini-Receipt,Caffellini Receipt,MERCHANT_COPY,TOP,NONE,DASHES,NONE,NONE,HEADER|CUSTOM|PAYMENT|PAYMENT|PAYMENT|CUSTOM|CUSTOM,ITEM,NO_ITEMS,NONE,LEFT,CRUMPLED_1,CENTER,7
Calvin-Klein-Receipt,Calvin Klein Receipt,MERCHANT_COPY,TOP,TOP,NONE,DASHES,NONE,HEADER|ITEMS|CUSTOM,ITEM,ABSENT,NONE,LEFT,CRUMPLED_1,CENTER,3
Canada-Goose-Receipt,Canada Goose Receipt,MERCHANT_COPY,TOP,TOP,DASHES,NONE,NONE,HEADER|ITEMS|BARCODE|CUSTOM,ITEM,ABSENT,MIDDLE,LEFT,CRUMPLED_1,LEFT,4
Canada-Post-Receipt,Canada Post Receipt,MERCHANT_COPY,TOP,NONE,EMPTY,NONE,NONE,HEADER|CUSTOM|CUSTOM|CUSTOM|BARCODE|CUSTOM|CUSTOM,NONE,NO_ITEMS,MIDDLE,LEFT,CRUMPLED_1,CENTER,7
Car-Detailing-Receipt,Car Detailing Receipt,MERCHANT_COPY,TOP,TOP,EQUALS,EQUALS,NONE,HEADER|CUSTOM|CUSTOM|ITEMS|PAYMENT|CUSTOM|DATE|BARCODE,ITEM>SUBTOTAL>TAX>TOTAL>TENDER>META>AUTH,PRESENT,BOTTOM,LEFT,CRUMPLED_1,CENTER,8
Car-Rental-Receipt,Car Rental Receipt,MERCHANT_COPY,TOP,TOP,DASHES,NONE,PERCENT_50,HEADER|CUSTOM|DATE|CUSTOM|RESTAURANT|CUSTOM|ITEMS|PAYMENT|CUSTOM|BARCODE,ITEM>SUBTOTAL>TAX>TOTAL>TENDER>META>AUTH,PRESENT,BOTTOM,LEFT,CRUMPLED_1,CENTER,10
Car-Repair-Receipt,Car Repair Receipt,UNSET,TOP,TOP,DASHES,NONE,PERCENT_50,HEADER|DATE|RESTAURANT|ITEMS|PAYMENT|CUSTOM,ITEM>SUBTOTAL>TAX>TOTAL>TENDER>META>AUTH,PRESENT,NONE,UNSET,UNSET,CENTER,6
Car-Wash-Receipt,Car Wash Receipt,UNSET,TOP,TOP,DASHES,NONE,NONE,HEADER|DATE|ITEMS|CUSTOM|BARCODE,ITEM>SUBTOTAL>TAX>TOTAL,PRESENT,BOTTOM,UNSET,UNSET,CENTER,5
Caraquet-IGA-Receipt,Caraquet IGA Receipt,MERCHANT_COPY,TOP,TOP,DASHES,NONE,NONE,HEADER|ITEMS|ITEMS|CUSTOM,ITEM>TOTAL,ABSENT,NONE,LEFT,CRUMPLED_1,LEFT,4
Cardenas-Receipt,Cardenas Receipt,MERCHANT_COPY,TOP,TOP,NONE,NONE,NONE,HEADER|ITEMS|CUSTOM,ITEM,ABSENT,NONE,LEFT,CRUMPLED_1,CENTER,3
Caribou-Coffee-Receipt,Caribou Coffee Receipt,FAKE_RECEIPT,TOP,TOP,EMPTY,EMPTY,NONE,HEADER|DATE|ITEMS|PAYMENT|CUSTOM,ITEM>SUBTOTAL>TAX>TOTAL>TENDER>CHANGE,PRESENT,NONE,LEFT,CRUMPLED_1,CENTER,5
Carl's-Jr.-Receipt,Carl's Jr. Receipt,MERCHANT_COPY,TOP,TOP,DASHES,DASHES,NONE,HEADER|CUSTOM|ITEMS|CUSTOM|ITEMS|ITEMS|CUSTOM,ITEM,PRESENT,NONE,LEFT,CRUMPLED_1,CENTER,7
Carpet-Cleaning-Receipt,Carpet Cleaning Receipt,MERCHANT_COPY,TOP,TOP,COLONS,STARS,PERCENT_50,HEADER|CUSTOM|CUSTOM|ITEMS|PAYMENT|BARCODE|CUSTOM,ITEM>SUBTOTAL>TAX>TOTAL>TENDER>META>AUTH,PRESENT,MIDDLE,LEFT,CRUMPLED_1,CENTER,7
Carrabba's-Italian-Grill-Receipt,Carrabba's Italian Grill Receipt,MERCHANT_COPY,TOP,TOP,NONE,DASHES,NONE,HEADER|CUSTOM|ITEMS|ITEMS|CUSTOM,ITEM,PRESENT,NONE,LEFT,CRUMPLED_1,CENTER,5
Carrefour-Receipt,Carrefour Receipt,MERCHANT_COPY,TOP,TOP,COLONS,DASHES,PERCENT_10,HEADER|ITEMS|PAYMENT|DATE|CUSTOM|BARCODE,ITEM>SUBTOTAL>TAX>TOTAL>TENDER>CHANGE,PRESENT,BOTTOM,LEFT,CRUMPLED_1,CENTER,6
Carrefour-Wetteren-Receipt,Carrefour Wetteren Receipt,MERCHANT_COPY,TOP,TOP,DASHES,NONE,NONE,HEADER|ITEMS|CUSTOM|CUSTOM|CUSTOM|BARCODE|CUSTOM,ITEM,ABSENT,MIDDLE,LEFT,CRUMPLED_1,CENTER,7
Cartier-Receipt,Cartier Receipt,MERCHANT_COPY,TOP,TOP,EMPTY,NONE,PERCENT_20,HEADER|CUSTOM|ITEMS|CUSTOM|BARCODE,ITEM>SUBTOTAL>TAX>TOTAL,PRESENT,BOTTOM,LEFT,CRUMPLED_1,CENTER,5
Casey's-Corner-Receipt,Casey's Corner Receipt,MERCHANT_COPY,TOP,NONE,EQUALS,NONE,NONE,HEADER|CUSTOM|CUSTOM|CUSTOM|CUSTOM,NONE,NO_ITEMS,NONE,LEFT,CRUMPLED_1,CENTER,5
Casey's-Receipt,Casey’s Receipt,MERCHANT_COPY,TOP,NONE,EMPTY,NONE,NONE,HEADER|CUSTOM|CUSTOM,NONE,NO_ITEMS,NONE,LEFT,CRUMPLED_1,LEFT,3
Cash-App-Receipt,Cash App Receipt,MERCHANT_COPY,TOP,TOP,EMPTY,NONE,NONE,HEADER|CUSTOM|CUSTOM,NONE,NO_ITEMS,NONE,LEFT,CRUMPLED_1,CENTER,3
Cash-Register-Receipt,Cash Register Receipt,MERCHANT_COPY,TOP,TOP,STARS,STARS,PERCENT_20,HEADER|CUSTOM|ITEMS|PAYMENT|CUSTOM|BARCODE|DATE|CUSTOM,ITEM>SUBTOTAL>TAX>TOTAL>TENDER>CHANGE,PRESENT,MIDDLE,LEFT,CRUMPLED_1,CENTER,8
Catering-Receipt,Catering Receipt,MERCHANT_COPY,TOP,TOP,DASHES,NONE,NONE,HEADER|CUSTOM|CUSTOM|ITEMS|PAYMENT|CUSTOM|BARCODE|DATE,ITEM>SUBTOTAL>TAX>TOTAL>TENDER>META>AUTH,PRESENT,MIDDLE,LEFT,CRUMPLED_1,CENTER,8
Catherine's-Cafe-To-Go-Receipt,Catherine's Cafe To-Go Receipt,MERCHANT_COPY,TOP,MIDDLE,DASHES,DASHES,NONE,HEADER|CUSTOM|ITEMS|ITEMS|ITEMS|CUSTOM|HEADER|CUSTOM,ITEM,ABSENT,NONE,LEFT,CRUMPLED_1,CENTER,8
Cavender's-Boot-City-Receipt,Cavender's Boot City Receipt,MERCHANT_COPY,TOP,TOP,NONE,NONE,NONE,HEADER|CUSTOM|ITEMS,ITEM,ABSENT,NONE,LEFT,CRUMPLED_1,CENTER,3
Ceres-Receipt,Ceres Receipt,MERCHANT_COPY,TOP,NONE,DASHES,NONE,NONE,HEADER|CUSTOM|CUSTOM|CUSTOM|PAYMENT|PAYMENT|PAYMENT,ITEM>SUBTOTAL>TAX>TIP>TOTAL,NO_ITEMS,NONE,LEFT,CRUMPLED_1,LEFT,7
Champs-Sports-Receipt,Champs Sports Receipt,MERCHANT_COPY,TOP,TOP,DASHES,EQUALS,NONE,HEADER|CUSTOM|CUSTOM|ITEMS|PAYMENT|DATE|CUSTOM|CUSTOM|BARCODE,ITEM>SUBTOTAL>TAX>TOTAL>TENDER>META>AUTH,PRESENT,BOTTOM,LEFT,CRUMPLED_1,CENTER,9
Chanel-Receipt,Chanel Receipt,MERCHANT_COPY,TOP,TOP,EMPTY,NONE,PERCENT_10,HEADER|CUSTOM|ITEMS|PAYMENT|CUSTOM,ITEM>SUBTOTAL>TAX>TOTAL>TENDER>META>AUTH,PRESENT,NONE,LEFT,CRUMPLED_1,CENTER,5
Cheaney-Receipt,Cheaney Receipt,MERCHANT_COPY,TOP,TOP,DASHES,DASHES,NONE,HEADER|CUSTOM|CUSTOM|ITEMS|CUSTOM|ITEMS|CUSTOM|ITEMS|CUSTOM|BARCODE,ITEM,ABSENT,BOTTOM,LEFT,CRUMPLED_1,CENTER,10
Checkers-Receipt,Checkers Receipt,MERCHANT_COPY,TOP,TOP,DASHES,EMPTY,NONE,HEADER|ITEMS|CUSTOM|CUSTOM|BARCODE|DATE,ITEM>TOTAL>TENDER>TAX,ABSENT,MIDDLE,LEFT,CRUMPLED_1,CENTER,6
Chemist-Warehouse-Receipt,Chemist Warehouse Receipt,MERCHANT_COPY,TOP,TOP,EMPTY,DASHES,NONE,HEADER|CUSTOM|CUSTOM|ITEMS|BARCODE|CUSTOM,ITEM>SUBTOTAL>TAX>TOTAL,PRESENT,MIDDLE,LEFT,CRUMPLED_1,CENTER,6
Chevron-Gas-Station-Receipt,Chevron Gas Station Receipt,MERCHANT_COPY,TOP,NONE,NONE,NONE,NONE,HEADER|CUSTOM|CUSTOM|ITEMS|CUSTOM|ITEMS|CUSTOM,ITEM>TAX>SUBTOTAL>TOTAL>CHANGE>TENDER,NO_ITEMS,NONE,LEFT,CRUMPLED_1,CENTER,7
Chevron-Receipt,Chevron Receipt,MERCHANT_COPY,TOP,NONE,EMPTY,DASHES,NONE,HEADER|DATE|CUSTOM|ITEMS|PAYMENT|CUSTOM,ITEM>TOTAL>TENDER>META>AUTH,ABSENT,NONE,LEFT,CRUMPLED_1,LEFT,6
Chez-Marco-Receipt,Chez Marco Receipt,MERCHANT_COPY,TOP,TOP,NONE,DASHES,NONE,HEADER|CUSTOM|CUSTOM|CUSTOM|CUSTOM|ITEMS|ITEMS|CUSTOM|CUSTOM,ITEM,PRESENT,NONE,LEFT,CRUMPLED_1,CENTER,9
Chick-fil-A-Receipt,Chick-fil-A Receipt,MERCHANT_COPY,TOP,NONE,EMPTY,EMPTY,NONE,HEADER|CUSTOM|CUSTOM|ITEMS|PAYMENT|CUSTOM|CUSTOM|CUSTOM,ITEM>SUBTOTAL>TAX>TOTAL>TENDER>CHANGE,PRESENT,NONE,LEFT,CRUMPLED_1,CENTER,8
Chico's-Mexican-Food-Receipt,Chico's Mexican Food Receipt,MERCHANT_COPY,TOP,NONE,DASHES,DASHES,NONE,HEADER|ITEMS|CUSTOM|CUSTOM|ITEMS|ITEMS|ITEMS|CUSTOM,ITEM,ABSENT,NONE,LEFT,CRUMPLED_1,LEFT,8
Child-Care-Receipt,Child Care Receipt,MERCHANT_COPY,TOP,TOP,COLONS,NONE,NONE,HEADER|CUSTOM|CUSTOM|ITEMS|PAYMENT|CUSTOM|BARCODE|DATE,ITEM>TOTAL>TENDER>META>AUTH,PRESENT,MIDDLE,LEFT,CRUMPLED_1,CENTER,8
Chili's-Grill-and-Bar-Receipt,Chili's Grill & Bar Receipt,MERCHANT_COPY,TOP,TOP,DASHES,DASHES,NONE,HEADER|CUSTOM|ITEMS|CUSTOM,ITEM,PRESENT,NONE,LEFT,CRUMPLED_1,CENTER,4
Chinatown-Point-KFC-Receipt,Chinatown Point KFC Receipt,MERCHANT_COPY,TOP,NONE,DASHES,DASHES,NONE,HEADER|ITEMS|ITEMS|CUSTOM|CUSTOM|ITEMS|CUSTOM,ITEM,ABSENT,NONE,LEFT,CRUMPLED_1,CENTER,7
Chipotle-Mexican-Grill-Receipt,Chipotle Mexican Grill Receipt,MERCHANT_COPY,TOP,TOP,DASHES,NONE,NONE,HEADER|ITEMS|ITEMS|CUSTOM|CUSTOM|ITEMS|CUSTOM,ITEM,ABSENT,NONE,LEFT,CRUMPLED_1,CENTER,7
Chipotle-Receipt,Chipotle Receipt,MERCHANT_COPY,TOP,TOP,EMPTY,EMPTY,NONE,HEADER|CUSTOM|DATE|ITEMS|CUSTOM|ITEMS|PAYMENT|CUSTOM,ITEM>SUBTOTAL>TAX>TOTAL>TENDER>META>AUTH,PRESENT,NONE,LEFT,CRUMPLED_1,CENTER,8
Chrome-Hearts-Receipt,Chrome Hearts Receipt,MERCHANT_COPY,TOP,TOP,DASHES,DASHES,NONE,HEADER|DATE|RESTAURANT|ITEMS|PAYMENT|CUSTOM|BARCODE,ITEM>SUBTOTAL>TAX>TOTAL>TENDER>CHANGE,PRESENT,BOTTOM,LEFT,CRUMPLED_1,CENTER,7
Chuck-E.-Cheese-Play-Pass-Receipt,Chuck E. Cheese Play Pass Receipt,MERCHANT_COPY,TOP,NONE,NONE,NONE,NONE,HEADER|ITEMS|CUSTOM|ITEMS|ITEMS|CUSTOM|BARCODE|CUSTOM|CUSTOM,ITEM,ABSENT,MIDDLE,LEFT,CRUMPLED_1,CENTER,9
Church-Donation-Receipt,Church Donation Receipt,MERCHANT_COPY,TOP,TOP,DASHES,NONE,NONE,HEADER|DATE|CUSTOM|CUSTOM|ITEMS|PAYMENT|BARCODE|CUSTOM,ITEM>TOTAL>TENDER>META>AUTH,PRESENT,MIDDLE,LEFT,CRUMPLED_1,CENTER,8
Cici's-Pizza-Receipt,Cici’s Pizza Receipt,MERCHANT_COPY,TOP,NONE,NONE,NONE,NONE,HEADER|CUSTOM|CUSTOM|ITEMS|CUSTOM,ITEM>SUBTOTAL>TAX>TOTAL>TENDER>CHANGE,PRESENT,NONE,LEFT,CRUMPLED_1,CENTER,5
Cinemark-Receipt,Cinemark Receipt,MERCHANT_COPY,TOP,TOP,DASHES,EMPTY,NONE,HEADER|CUSTOM|CUSTOM|ITEMS|PAYMENT|CUSTOM|BARCODE,ITEM>SUBTOTAL>TAX>TOTAL>TENDER>CHANGE,PRESENT,BOTTOM,LEFT,CRUMPLED_1,CENTER,7
Circle-K-Canada-Receipt,Circle K Canada Receipt,MERCHANT_COPY,TOP,TOP,DASHES,DASHES,NONE,HEADER|CUSTOM|ITEMS|CUSTOM,ITEM>TOTAL>TAX>TENDER,PRESENT,NONE,LEFT,CRUMPLED_1,CENTER,4
Circle-K-Marathon-Receipt,Circle K Marathon Receipt,MERCHANT_COPY,TOP,NONE,NONE,NONE,NONE,HEADER|CUSTOM|ITEMS|CUSTOM|CUSTOM,ITEM>SUBTOTAL>TAX>TOTAL>TENDER,PRESENT,NONE,LEFT,CRUMPLED_1,CENTER,5
Circle-K-Receipt,Circle K Receipt,MERCHANT_COPY,TOP,NONE,DASHES,DASHES,NONE,HEADER|CUSTOM|ITEMS|CUSTOM|CUSTOM,ITEM>SUBTOTAL>TAX>TOTAL,PRESENT,NONE,LEFT,CRUMPLED_1,CENTER,5
Citizens-Bank-Park-Receipt,Citizens Bank Park Receipt,MERCHANT_COPY,TOP,TOP,DASHES,NONE,NONE,HEADER|CUSTOM|ITEMS|CUSTOM|CUSTOM,ITEM>SUBTOTAL>TAX>TOTAL,PRESENT,NONE,LEFT,CRUMPLED_1,CENTER,5
Cityhallen-Receipt,Cityhallen Receipt,MERCHANT_COPY,TOP,NONE,DASHES,DASHES,NONE,HEADER|CUSTOM|CUSTOM|ITEMS|ITEMS|CUSTOM,ITEM,ABSENT,NONE,LEFT,CRUMPLED_1,CENTER,6
Claire's-On-The-Park-Restaurant-Receipt,Claire’s On The Park Restaurant Receipt,MERCHANT_COPY,TOP,NONE,DASHES,DASHES,NONE,HEADER|ITEMS|ITEMS|ITEMS|CUSTOM|CUSTOM,ITEM,ABSENT,NONE,LEFT,CRUMPLED_1,CENTER,6
Clarks-Receipt,Clarks Receipt,MERCHANT_COPY,TOP,TOP,NONE,NONE,NONE,HEADER|ITEMS|CUSTOM,ITEM,ABSENT,NONE,LEFT,CRUMPLED_1,CENTER,3
Cleaning-Invoice-Receipt,Cleaning Invoice Receipt,MERCHANT_COPY,TOP,TOP,EQUALS,EQUALS,NONE,HEADER|CUSTOM|CUSTOM|ITEMS|PAYMENT|CUSTOM|BARCODE,ITEM>SUBTOTAL>TAX>TOTAL>TENDER>META>AUTH,PRESENT,BOTTOM,LEFT,CRUMPLED_1,CENTER,7
Cleaning-Receipt,Cleaning Receipt,MERCHANT_COPY,TOP,TOP,COLONS,COLONS,NONE,HEADER|CUSTOM|BARCODE|ITEMS|PAYMENT|CUSTOM|DATE,ITEM>SUBTOTAL>TAX>TOTAL>TENDER>META>AUTH,PRESENT,MIDDLE,LEFT,CRUMPLED_1,CENTER,7
Clinic-Receipt,Clinic Receipt,MERCHANT_COPY,TOP,TOP,DOTS,NONE,NONE,HEADER|CUSTOM|CUSTOM|CUSTOM|CUSTOM|ITEMS|PAYMENT|CUSTOM|BARCODE|DATE,ITEM>SUBTOTAL>TAX>TOTAL>TENDER>META>AUTH,PRESENT,MIDDLE,LEFT,CRUMPLED_1,CENTER,10
Clinix-Medicine-Superstore-Receipt,Clinix Medicine Superstore Receipt,MERCHANT_COPY,TOP,TOP,EMPTY,NONE,NONE,HEADER|CUSTOM|CUSTOM|CUSTOM,NONE,NO_ITEMS,NONE,LEFT,CRUMPLED_1,CENTER,4
Clothes-Quarters-Receipt,Clothes Quarters Receipt,MERCHANT_COPY,TOP,TOP,EMPTY,EMPTY,PERCENT_50,HEADER|DATE|ITEMS|CUSTOM,ITEM>SUBTOTAL>TAX>TOTAL,PRESENT,NONE,LEFT,CRUMPLED_5,CENTER,4
Co-op-UK-Receipt,Co-op UK Receipt,MERCHANT_COPY,TOP,TOP,DASHES,STARS,NONE,HEADER|ITEMS|ITEMS|PAYMENT|CUSTOM|CUSTOM,ITEM>TENDER,ABSENT,NONE,LEFT,CRUMPLED_1,CENTER,6
Cold-Stone-Creamery-Receipt,Cold Stone Creamery Receipt,MERCHANT_COPY,TOP,TOP,EMPTY,EMPTY,NONE,HEADER|CUSTOM|CUSTOM|ITEMS|PAYMENT|CUSTOM,ITEM>SUBTOTAL>TAX>TOTAL>TENDER>CHANGE,PRESENT,NONE,LEFT,CRUMPLED_1,CENTER,6
Coles-Express-Receipt,Coles Express Receipt,MERCHANT_COPY,TOP,TOP,DASHES,DASHES,NONE,HEADER|CUSTOM|CUSTOM|CUSTOM|ITEMS|CUSTOM|CUSTOM|BARCODE|CUSTOM,ITEM,ABSENT,MIDDLE,LEFT,CRUMPLED_1,CENTER,9
Computer-Repair-Receipt,Computer Repair Receipt,MERCHANT_COPY,TOP,TOP,COLONS,NONE,PERCENT_10,HEADER|CUSTOM|DATE|CUSTOM|CUSTOM|ITEMS|PAYMENT|CUSTOM|BARCODE,ITEM>SUBTOTAL>TAX>TOTAL>TENDER>META>AUTH,ABSENT,BOTTOM,LEFT,CRUMPLED_1,CENTER,9
Conrad-Centennial-Singapore-Receipt,Conrad Centennial Singapore Receipt,MERCHANT_COPY,TOP,TOP,DASHES,DASHES,NONE,HEADER|ITEMS|ITEMS|CUSTOM|ITEMS|ITEMS|CUSTOM|CUSTOM|CUSTOM|CUSTOM,ITEM>SUBTOTAL>TAX,ABSENT,NONE,LEFT,CRUMPLED_1,CENTER,10
Construction-Receipt,Construction Receipt,MERCHANT_COPY,TOP,TOP,DASHES,DASHES,NONE,HEADER|CUSTOM|BARCODE|CUSTOM|ITEMS|PAYMENT|CUSTOM,ITEM>SUBTOTAL>TAX>TOTAL>TENDER>META>AUTH,PRESENT,MIDDLE,LEFT,CRUMPLED_1,CENTER,7
Contractor-Receipt,Contractor Receipt,MERCHANT_COPY,TOP,TOP,STARS,STARS,NONE,HEADER|CUSTOM|CUSTOM|ITEMS|PAYMENT|CUSTOM|BARCODE,ITEM>SUBTOTAL>TAX>TOTAL>TENDER>META>AUTH,PRESENT,BOTTOM,LEFT,CRUMPLED_1,CENTER,7
Convenience-Store-Receipt,Convenience Store Receipt,MERCHANT_COPY,TOP,TOP,EMPTY,DASHES,PERCENT_50,HEADER|DATE|CUSTOM|ITEMS|CUSTOM|PAYMENT|CUSTOM|BARCODE,ITEM>SUBTOTAL>TAX>TOTAL>TENDER>META>AUTH,PRESENT,BOTTOM,LEFT,CRUMPLED_1,CENTER,8
Coogee-Pavilion-Receipt,Coogee Pavilion Receipt,MERCHANT_COPY,TOP,TOP,DASHES,NONE,NONE,HEADER|CUSTOM|CUSTOM|CUSTOM|ITEMS|ITEMS|CUSTOM,ITEM,PRESENT,NONE,LEFT,CRUMPLED_1,LEFT,7
Coop-Restaurant-Receipt,Coop Restaurant Receipt,MERCHANT_COPY,TOP,TOP,NONE,NONE,NONE,HEADER|ITEMS|CUSTOM|CUSTOM|BARCODE|CUSTOM,ITEM,PRESENT,MIDDLE,LEFT,CRUMPLED_1,CENTER,6
Corner-Bakery-Cafe-Receipt,Corner Bakery Cafe Receipt,MERCHANT_COPY,TOP,NONE,DASHES,NONE,NONE,HEADER|CUSTOM|ITEMS|ITEMS|CUSTOM|ITEMS|CUSTOM,ITEM>SUBTOTAL>TAX>TOTAL>TENDER>CHANGE,ABSENT,NONE,LEFT,CRUMPLED_1,CENTER,7
Costa-Coffee-Receipt,Costa Coffee Receipt,FAKE_RECEIPT,TOP,TOP,EMPTY,NONE,NONE,HEADER|CUSTOM|CUSTOM|CUSTOM|ITEMS|CUSTOM|CUSTOM,ITEM>SUBTOTAL>TAX>TOTAL,ABSENT,NONE,LEFT,CRUMPLED_1,CENTER,7
Costco-Receipt-example-with-Shampoo-Fancy-Feast-Gems-and-2-more-items-totalling-dollar274.18,"Costco Receipt example with Shampoo, Fancy Feast Gems and 2 more items totalling $274.18",UNSET,MIDDLE,MIDDLE,EMPTY,NONE,NONE,CUSTOM|HEADER|CUSTOM|ITEMS|PAYMENT|DATE|CUSTOM,ITEM>SUBTOTAL>TAX>TOTAL>TENDER>CHANGE,PRESENT,NONE,UNSET,UNSET,CENTER,7
Costco-Receipt,Costco Receipt,MERCHANT_COPY,TOP,TOP,DASHES,NONE,NONE,HEADER|CUSTOM|ITEMS|PAYMENT|DATE|BARCODE|CUSTOM|CUSTOM|DATE,ITEM>SUBTOTAL>TAX>TOTAL>TENDER>META>AUTH,PRESENT,MIDDLE,LEFT,CRUMPLED_1,CENTER,9
Countdown-Supermarket-Receipt,Countdown Supermarket Receipt,MERCHANT_COPY,TOP,TOP,DASHES,NONE,NONE,HEADER|PAYMENT|CUSTOM|CUSTOM|PAYMENT|CUSTOM,ITEM>SUBTOTAL>AUTH>TENDER>TOTAL>CHANGE,NO_ITEMS,NONE,LEFT,CRUMPLED_1,CENTER,6
Country-Hills-Market-Receipt,Country Hills Market Receipt,MERCHANT_COPY,TOP,TOP,NONE,NONE,NONE,HEADER|CUSTOM|ITEMS|BARCODE,ITEM,ABSENT,BOTTOM,LEFT,CRUMPLED_1,CENTER,4
Courier-Service-Receipt,Courier Service Receipt,MERCHANT_COPY,TOP,TOP,DASHES,NONE,PERCENT_20,HEADER|DATE|CUSTOM|ITEMS|CUSTOM|PAYMENT|CUSTOM|BARCODE,ITEM>SUBTOTAL>TAX>TOTAL>TENDER>META>AUTH,PRESENT,BOTTOM,LEFT,CRUMPLED_1,CENTER,8
Cracker-Barrel-Receipt,Cracker Barrel Receipt,MERCHANT_COPY,MIDDLE,NONE,DASHES,NONE,NONE,BARCODE|CUSTOM|HEADER|CUSTOM|DATE|ITEMS|CUSTOM,ITEM>SUBTOTAL>TAX>TOTAL,PRESENT,TOP,LEFT,CRUMPLED_1,CENTER,7
CrateandBarrel-Receipt,Crate&Barrel Receipt,MERCHANT_COPY,TOP,TOP,EMPTY,EMPTY,NONE,HEADER|DATE|ITEMS|CUSTOM|CUSTOM,ITEM>TOTAL,ABSENT,NONE,LEFT,CRUMPLED_1,LEFT,5
Cream-Stone-Receipt,Cream Stone Receipt,MERCHANT_COPY,TOP,TOP,EQUALS,NONE,NONE,HEADER|CUSTOM|CUSTOM|ITEMS|CUSTOM|PAYMENT|CUSTOM|CUSTOM|CUSTOM,ITEM>TOTAL,ABSENT,NONE,LEFT,CRUMPLED_1,CENTER,9
Credit-Card-Receipt,Credit Card Receipt,MERCHANT_COPY,MIDDLE,MIDDLE,EMPTY,NONE,PERCENT_20,DATE|HEADER|CUSTOM|CUSTOM|ITEMS|PAYMENT|BARCODE|CUSTOM,ITEM>SUBTOTAL>TAX>TOTAL>TENDER>META>AUTH,PRESENT,MIDDLE,LEFT,CRUMPLED_1,CENTER,8
Creperie-Bretonne-Receipt,Creperie Bretonne Receipt,MERCHANT_COPY,TOP,TOP,NONE,NONE,NONE,HEADER|ITEMS|CUSTOM,ITEM>TOTAL,PRESENT,NONE,LEFT,CRUMPLED_1,CENTER,3
Cub-Receipt,Cub Receipt,MERCHANT_COPY,TOP,TOP,NONE,DASHES,NONE,HEADER|ITEMS|ITEMS|ITEMS,ITEM>SUBTOTAL>TAX>TOTAL>TENDER>CHANGE,ABSENT,NONE,LEFT,CRUMPLED_1,CENTER,4
Culver's-Receipt,Culver’s Receipt,MERCHANT_COPY,TOP,NONE,EMPTY,NONE,NONE,HEADER|CUSTOM|CUSTOM|CUSTOM|CUSTOM|CUSTOM|CUSTOM,NONE,NO_ITEMS,NONE,LEFT,CRUMPLED_1,CENTER,7
Cumberland-Farms-Receipt,Cumberland Farms Receipt,MERCHANT_COPY,TOP,NONE,DASHES,NONE,NONE,HEADER|CUSTOM|PAYMENT|PAYMENT|PAYMENT|CUSTOM|CUSTOM|CUSTOM|CUSTOM,ITEM>SUBTOTAL>TOTAL,NO_ITEMS,NONE,LEFT,CRUMPLED_1,CENTER,9
Currys-PC-World-Receipt,Currys PC World Receipt,MERCHANT_COPY,TOP,TOP,NONE,NONE,NONE,HEADER|ITEMS|CUSTOM|ITEMS|BARCODE|CUSTOM|CUSTOM,ITEM,PRESENT,MIDDLE,LEFT,CRUMPLED_1,CENTER,7
Custom-Receipt-Template,Custom Receipt Template,MERCHANT_COPY,TOP,TOP,DASHES,DASHES,NONE,HEADER|BARCODE|DATE|ITEMS|PAYMENT|CUSTOM,ITEM>SUBTOTAL>TAX>TOTAL>TENDER>META>AUTH,PRESENT,MIDDLE,LEFT,CRUMPLED_1,CENTER,6
Cynibel-Supermarket-Receipt,Cynibel Supermarket Receipt,MERCHANT_COPY,TOP,TOP,DASHES,DASHES,NONE,HEADER|DATE|RESTAURANT|ITEMS|PAYMENT|CUSTOM|BARCODE,ITEM>SUBTOTAL>TOTAL>TENDER>CHANGE,PRESENT,BOTTOM,LEFT,CRUMPLED_1,LEFT,7
DICK'S-Receipt,DICK’S Receipt,MERCHANT_COPY,TOP,TOP,EMPTY,NONE,NONE,HEADER|CUSTOM|CUSTOM|CUSTOM|CUSTOM|CUSTOM|PAYMENT,SUBTOTAL>TAX>TOTAL,NO_ITEMS,NONE,LEFT,CRUMPLED_1,CENTER,7
DISHOOM-receipt,DISHOOM receipt,MERCHANT_COPY,TOP,TOP,NONE,NONE,NONE,HEADER|ITEMS|ITEMS|CUSTOM,ITEM,ABSENT,NONE,LEFT,CRUMPLED_1,CENTER,4
DNA-Sports-Receipt,DNA Sports Receipt,MERCHANT_COPY,TOP,TOP,DASHES,DASHES,NONE,HEADER|CUSTOM|ITEMS|ITEMS,ITEM,ABSENT,NONE,LEFT,CRUMPLED_1,LEFT,4
DSW-Receipt,DSW Receipt,MERCHANT_COPY,TOP,TOP,NONE,NONE,NONE,HEADER|CUSTOM|ITEMS|ITEMS|CUSTOM|BARCODE|CUSTOM,ITEM,ABSENT,MIDDLE,LEFT,CRUMPLED_1,LEFT,7
Dairy-Queen-Grill-and-Chill-Receipt,Dairy Queen Grill & Chill Receipt,MERCHANT_COPY,TOP,TOP,NONE,NONE,NONE,HEADER|CUSTOM|ITEMS|CUSTOM,ITEM>SUBTOTAL>TAX>TOTAL,ABSENT,NONE,LEFT,CRUMPLED_1,LEFT,4
Daycare-Receipt,Daycare Receipt,MERCHANT_COPY,TOP,TOP,COLONS,NONE,NONE,HEADER|CUSTOM|CUSTOM|ITEMS|PAYMENT|BARCODE|CUSTOM,ITEM>TOTAL>TENDER>META>AUTH,PRESENT,MIDDLE,LEFT,CRUMPLED_1,CENTER,7
Dealz-Receipt,Dealz Receipt,MERCHANT_COPY,TOP,TOP,NONE,NONE,NONE,HEADER|ITEMS|CUSTOM|BARCODE|ITEMS,ITEM,ABSENT,MIDDLE,LEFT,CRUMPLED_1,CENTER,5
Decathlon-Retail-Receipt,Decathlon Retail Receipt,MERCHANT_COPY,TOP,TOP,NONE,NONE,NONE,HEADER|ITEMS|CUSTOM|BARCODE|CUSTOM,ITEM,ABSENT,MIDDLE,LEFT,CRUMPLED_1,CENTER,5
Defune-Receipt,Defune Receipt,MERCHANT_COPY,TOP,NONE,DASHES,DASHES,NONE,HEADER|ITEMS|ITEMS|CUSTOM,ITEM,ABSENT,NONE,LEFT,CRUMPLED_1,CENTER,4
Del-Taco-Receipt,Del Taco Receipt,MERCHANT_COPY,TOP,NONE,NONE,NONE,NONE,HEADER|ITEMS|CUSTOM|CUSTOM|ITEMS|CUSTOM|CUSTOM|CUSTOM|CUSTOM,ITEM,ABSENT,NONE,LEFT,CRUMPLED_1,CENTER,9
Deliveroo-Delivery-Receipt,Deliveroo Delivery Receipt,MERCHANT_COPY,TOP,TOP,DASHES,NONE,NONE,HEADER|CUSTOM|ITEMS|ITEMS|CUSTOM,ITEM,ABSENT,NONE,LEFT,CRUMPLED_1,CENTER,5
Delivery-Receipt,Delivery Receipt,MERCHANT_COPY,TOP,TOP,STARS,STARS,NONE,HEADER|DATE|CUSTOM|CUSTOM|ITEMS|PAYMENT|CUSTOM|BARCODE,ITEM>SUBTOTAL>TAX>TOTAL>TENDER>META>AUTH,PRESENT,BOTTOM,LEFT,CRUMPLED_1,CENTER,8
Denner-Receipt,Denner Receipt,MERCHANT_COPY,TOP,TOP,NONE,DASHES,NONE,HEADER|ITEMS|ITEMS|CUSTOM|BARCODE|CUSTOM,ITEM,ABSENT,MIDDLE,LEFT,CRUMPLED_1,LEFT,6
Denny's-PickUp-Receipt,Denny’s PickUp Receipt ,MERCHANT_COPY,TOP,TOP,EMPTY,EMPTY,NONE,HEADER|DATE|ITEMS|PAYMENT,ITEM>SUBTOTAL>TAX>TOTAL>TENDER>CHANGE,PRESENT,NONE,LEFT,CRUMPLED_1,CENTER,4
Denny's-Restaurant-Receipt, Denny’s Restaurant Receipt,MERCHANT_COPY,TOP,TOP,EMPTY,EMPTY,NONE,HEADER|DATE|ITEMS|PAYMENT,ITEM>SUBTOTAL>TAX>TOTAL>TENDER>CHANGE,PRESENT,NONE,LEFT,CRUMPLED_1,CENTER,4
Dental-Receipt,Dental Receipt,MERCHANT_COPY,TOP,TOP,COLONS,EQUALS,NONE,HEADER|DATE|CUSTOM|CUSTOM|ITEMS|PAYMENT|CUSTOM|BARCODE,ITEM>SUBTOTAL>TAX>TOTAL>TENDER>META>AUTH,PRESENT,BOTTOM,LEFT,CRUMPLED_1,CENTER,8
Dentist-Receipt,Dentist Receipt,MERCHANT_COPY,TOP,TOP,EQUALS,NONE,PERCENT_20,HEADER|CUSTOM|CUSTOM|CUSTOM|ITEMS|PAYMENT|BARCODE|CUSTOM|DATE,ITEM>SUBTOTAL>TAX>TOTAL>TENDER>META>AUTH,PRESENT,MIDDLE,LEFT,CRUMPLED_1,CENTER,9
Dick's-Sporting-Goods-Receipt,Dick’s Sporting Goods Receipt,MERCHANT_COPY,TOP,TOP,EMPTY,EMPTY,NONE,HEADER|DATE|CUSTOM|ITEMS|CUSTOM|BARCODE,ITEM>TOTAL>SUBTOTAL>TAX,ABSENT,BOTTOM,LEFT,CRUMPLED_1,CENTER,6
Dillons-Receipt,Dillons Receipt,MERCHANT_COPY,TOP,TOP,EMPTY,NONE,NONE,HEADER|ITEMS|ITEMS|CUSTOM|ITEMS|CUSTOM|ITEMS|CUSTOM,ITEM,ABSENT,NONE,LEFT,CRUMPLED_1,CENTER,8
Dior-Receipt,Dior Receipt,MERCHANT_COPY,TOP,TOP,EMPTY,NONE,PERCENT_10,HEADER|CUSTOM|ITEMS|PAYMENT|CUSTOM,ITEM>SUBTOTAL>TAX>TOTAL>TENDER>META>AUTH,PRESENT,NONE,LEFT,CRUMPLED_1,CENTER,5
Dior-example-with-Womens-Shoe-and-2-more-items-totalling-1297-dollars-50-cents,"Dior example with Womens Shoe and 2 more items totalling 1,297 dollars 50 cents",MERCHANT_COPY,TOP,TOP,EMPTY,NONE,PERCENT_10,HEADER|CUSTOM|ITEMS|PAYMENT|CUSTOM|BARCODE,ITEM>SUBTOTAL>TAX>TOTAL>TENDER>CHANGE,PRESENT,BOTTOM,LEFT,CRUMPLED_1,CENTER,6
Doctor-Receipt,Doctor Receipt,MERCHANT_COPY,TOP,TOP,COLONS,NONE,PERCENT_50,HEADER|CUSTOM|CUSTOM|CUSTOM|CUSTOM|ITEMS|PAYMENT|CUSTOM|BARCODE|DATE,ITEM>SUBTOTAL>TAX>TOTAL>TENDER>META>AUTH,PRESENT,MIDDLE,LEFT,CRUMPLED_1,CENTER,10
Dollar-General-Receipt,Dollar General Receipt,MERCHANT_COPY,TOP,NONE,EMPTY,EMPTY,NONE,HEADER|ITEMS|PAYMENT|BARCODE|CUSTOM|CUSTOM,ITEM>SUBTOTAL>TAX>TOTAL>TENDER>CHANGE,PRESENT,MIDDLE,LEFT,CRUMPLED_1,CENTER,6
Dollar-Tree-Receipt,Dollar Tree Receipt,RECEIPTIONAL_RECEIPT,TOP,TOP,EQUALS,DASHES,NONE,HEADER|DATE|ITEMS|PAYMENT|CUSTOM,ITEM>SUBTOTAL>TOTAL>TENDER,PRESENT,NONE,UNSET,CRUMPLED_1,CENTER,5
Dollar-Tree-receipt-example-with-Colgate-Total-Whitning-Tpst-Colgate-Charcoal-Toothbrush-and-4-more-items-totalling-6-dollars-39-cents,"Dollar Tree receipt example with Colgate Total Whitning Tpst, Colgate Charcoal Toothbrush and 4 more items totalling 6 dollars 39 cents",MERCHANT_COPY,TOP,TOP,DASHES,DASHES,NONE,HEADER|DATE|ITEMS|PAYMENT|BARCODE,ITEM>SUBTOTAL>TAX>TOTAL>TENDER>META>AUTH,PRESENT,BOTTOM,UNSET,UNSET,CENTER,5
Dollar-Tree-receipt,Dollar Tree receipt,MERCHANT_COPY,TOP,TOP,DASHES,DASHES,NONE,HEADER|DATE|ITEMS|PAYMENT|BARCODE,ITEM>SUBTOTAL>TAX>TOTAL>TENDER>META>AUTH,PRESENT,BOTTOM,UNSET,UNSET,CENTER,5
Dollarama-Receipt,Dollarama Receipt,MERCHANT_COPY,TOP,TOP,NONE,NONE,NONE,HEADER|ITEMS|CUSTOM|CUSTOM,ITEM,ABSENT,NONE,LEFT,CRUMPLED_1,CENTER,4
Domino's-Pizza-Receipt,Domino's Pizza Receipt,MERCHANT_COPY,TOP,NONE,NONE,NONE,NONE,HEADER|CUSTOM|CUSTOM|CUSTOM|CUSTOM|CUSTOM|ITEMS|CUSTOM|ITEMS|CUSTOM|ITEMS,ITEM,ABSENT,NONE,LEFT,CRUMPLED_1,CENTER,11
Donation-Receipt,Donation Receipt,MERCHANT_COPY,TOP,TOP,DASHES,NONE,NONE,HEADER|DATE|CUSTOM|CUSTOM|ITEMS|PAYMENT|BARCODE,ITEM>TOTAL>TENDER>META>AUTH,PRESENT,BOTTOM,LEFT,CRUMPLED_1,CENTER,7
DoorDash-Receipt,DoorDash Receipt,FAKE_RECEIPT,TOP,TOP,DASHES,DASHES,NONE,HEADER|DATE|ITEMS|CUSTOM|BARCODE,ITEM>SUBTOTAL>TIP>TOTAL,PRESENT,BOTTOM,UNSET,UNSET,CENTER,5
Douglas-Pharmacy-Receipt,Douglas Pharmacy Receipt,MERCHANT_COPY,TOP,TOP,DASHES,DASHES,NONE,HEADER|ITEMS|ITEMS|CUSTOM,ITEM,ABSENT,NONE,LEFT,CRUMPLED_1,CENTER,4
Dragut-Kebab-Spain-Receipt,Dragut Kebab Spain Receipt,MERCHANT_COPY,TOP,NONE,DASHES,DASHES,NONE,HEADER|ITEMS|ITEMS|CUSTOM,ITEM>TOTAL,PRESENT,NONE,LEFT,CRUMPLED_1,CENTER,4
Duck-and-Waffle-Receipt,Duck & Waffle Receipt,MERCHANT_COPY,TOP,TOP,DASHES,DASHES,NONE,HEADER|ITEMS|ITEMS|CUSTOM|ITEMS|CUSTOM,ITEM,ABSENT,NONE,LEFT,CRUMPLED_1,CENTER,6
Dunelm-Receipt,Dunelm Receipt,MERCHANT_COPY,TOP,TOP,DASHES,DASHES,NONE,HEADER|CUSTOM|ITEMS|ITEMS|BARCODE|CUSTOM|CUSTOM|CUSTOM,ITEM,ABSENT,MIDDLE,LEFT,CRUMPLED_1,CENTER,8
Dunkin'-Donuts-Receipt,Dunkin’ Donuts Receipt,MERCHANT_COPY,TOP,TOP,NONE,NONE,NONE,HEADER|CUSTOM|ITEMS|CUSTOM,ITEM>TENDER>TOTAL,PRESENT,NONE,LEFT,CRUMPLED_1,CENTER,4
Dunkin'-UK-Receipt,Dunkin' UK Receipt,MERCHANT_COPY,TOP,NONE,NONE,NONE,NONE,HEADER|ITEMS|CUSTOM|ITEMS|CUSTOM|CUSTOM,ITEM,ABSENT,NONE,LEFT,CRUMPLED_1,CENTER,6
E.Leclerc-France-Receipt,E.Leclerc France Receipt,MERCHANT_COPY,TOP,TOP,DASHES,NONE,NONE,HEADER|CUSTOM|CUSTOM|CUSTOM|BARCODE|CUSTOM|CUSTOM,NONE,NO_ITEMS,MIDDLE,LEFT,CRUMPLED_1,CENTER,7
ESTG-Grill-and-Bistro-Receipt,ESTG Grill & Bistro Receipt,UNSET,TOP,TOP,DASHES,NONE,NONE,HEADER|CUSTOM|PAYMENT|CUSTOM|PAYMENT|CUSTOM,META>ITEM>SUBTOTAL>TAX>TOTAL,NO_ITEMS,NONE,UNSET,UNSET,CENTER,6
Earls-Ambleside-Beach-Receipt,Earls Ambleside Beach Receipt,MERCHANT_COPY,TOP,TOP,DASHES,DASHES,NONE,HEADER|CUSTOM|ITEMS|ITEMS|CUSTOM|CUSTOM,ITEM,PRESENT,NONE,LEFT,CRUMPLED_1,CENTER,6
East-Side-Mario's-Receipt,East Side Mario's Receipt,MERCHANT_COPY,TOP,TOP,DASHES,NONE,NONE,HEADER|CUSTOM|CUSTOM|ITEMS|CUSTOM,ITEM,PRESENT,NONE,LEFT,CRUMPLED_1,CENTER,5
Einstein-Bros-Bagels-Receipt,Einstein Bros Bagels Receipt,MERCHANT_COPY,TOP,NONE,DASHES,NONE,NONE,HEADER|CUSTOM|ITEMS|CUSTOM|ITEMS|CUSTOM|ITEMS|CUSTOM|CUSTOM|CUSTOM,ITEM,ABSENT,NONE,LEFT,CRUMPLED_1,CENTER,10
El-Alma-Cafe-y-Cantina-Receipt,El Alma Cafe y Cantina Receipt,MERCHANT_COPY,TOP,TOP,NONE,NONE,NONE,HEADER|PAYMENT|CUSTOM,META>ITEM>SUBTOTAL>TAX>TOTAL,NO_ITEMS,NONE,LEFT,CRUMPLED_1,CENTER,3
El-Jimador-Receipt,El Jimador Receipt,MERCHANT_COPY,TOP,TOP,NONE,NONE,NONE,HEADER|ITEMS|CUSTOM,ITEM,ABSENT,NONE,LEFT,CRUMPLED_1,CENTER,3
El-Pollo-Loco-Receipt,El Pollo Loco Receipt,UNSET,TOP,TOP,DASHES,NONE,NONE,HEADER|CUSTOM|CUSTOM|CUSTOM|PAYMENT|BARCODE,ITEM>SUBTOTAL>TAX>TENDER>CHANGE,NO_ITEMS,BOTTOM,UNSET,UNSET,CENTER,6
El-Rincon-De-Amador-Restaurant-Receipt,El Rincon De Amador Restaurant Receipt,MERCHANT_COPY,TOP,TOP,DASHES,DASHES,PERCENT_20,HEADER|RESTAURANT|ITEMS|PAYMENT|CUSTOM,ITEM>TOTAL,PRESENT,NONE,LEFT,CRUMPLED_1,LEFT,5
El-Super-Receipt,El Super Receipt,MERCHANT_COPY,TOP,TOP,NONE,DASHES,NONE,HEADER|ITEMS|CUSTOM,ITEM,ABSENT,NONE,LEFT,CRUMPLED_1,CENTER,3
El-Taco-Veloz-Receipt,El Taco Veloz Receipt,MERCHANT_COPY,TOP,NONE,NONE,NONE,NONE,HEADER|CUSTOM|ITEMS|CUSTOM,ITEM,ABSENT,NONE,LEFT,CRUMPLED_1,CENTER,4
Electrician-Receipt,Electrician Receipt,MERCHANT_COPY,TOP,TOP,COLONS,DASHES,NONE,HEADER|BARCODE|CUSTOM|CUSTOM|CUSTOM|ITEMS|PAYMENT|CUSTOM,ITEM>SUBTOTAL>TAX>TOTAL>TENDER>META>AUTH,PRESENT,MIDDLE,LEFT,CRUMPLED_1,CENTER,8
Elliot's-Woodfired-Kitchen-and-Tap-Receipt,Elliot's Woodfired Kitchen & Tap Receipt,MERCHANT_COPY,TOP,TOP,NONE,NONE,NONE,HEADER|ITEMS|CUSTOM,ITEM,PRESENT,NONE,LEFT,CRUMPLED_1,CENTER,3
Equipment-Rental-Receipt,Equipment Rental Receipt,MERCHANT_COPY,TOP,TOP,EMPTY,COLONS,NONE,HEADER|BARCODE|CUSTOM|CUSTOM|ITEMS|PAYMENT|CUSTOM|DATE,ITEM>SUBTOTAL>TAX>TOTAL>TENDER>META>AUTH,PRESENT,MIDDLE,LEFT,CRUMPLED_1,CENTER,8
Eric-Kayser-Receipt,Eric Kayser Receipt,MERCHANT_COPY,TOP,NONE,NONE,DASHES,NONE,HEADER|CUSTOM|ITEMS|ITEMS|ITEMS|ITEMS|CUSTOM,ITEM,PRESENT,NONE,LEFT,CRUMPLED_1,CENTER,7
Eurospin-Italy-Receipt,Eurospin Italy Receipt,MERCHANT_COPY,TOP,TOP,NONE,DASHES,NONE,HEADER|ITEMS|ITEMS|CUSTOM|ITEMS|CUSTOM|BARCODE|CUSTOM,ITEM,ABSENT,MIDDLE,LEFT,CRUMPLED_1,CENTER,8
FNAC-Tours-Retail-Receipt,FNAC Tours Retail Receipt,MERCHANT_COPY,TOP,NONE,NONE,NONE,NONE,HEADER|CUSTOM|ITEMS|ITEMS|CUSTOM,ITEM,ABSENT,NONE,LEFT,CRUMPLED_1,CENTER,5
Fairway-Market-Receipt,Fairway Market Receipt,MERCHANT_COPY,TOP,TOP,DASHES,NONE,NONE,HEADER|CUSTOM|ITEMS|ITEMS|ITEMS|CUSTOM|CUSTOM,ITEM>SUBTOTAL>TAX>TOTAL,PRESENT,NONE,LEFT,CRUMPLED_1,CENTER,7
Family-Dollar-Receipt,Family Dollar Receipt,MERCHANT_COPY,TOP,NONE,EMPTY,EMPTY,NONE,HEADER|ITEMS|PAYMENT|BARCODE|CUSTOM|CUSTOM|CUSTOM,ITEM>SUBTOTAL>TAX>TOTAL>TENDER>CHANGE,PRESENT,MIDDLE,LEFT,CRUMPLED_1,CENTER,7
Farley's-Receipt,Farley's Receipt,UNSET,TOP,TOP,NONE,NONE,NONE,HEADER|PAYMENT|CUSTOM|CUSTOM|PAYMENT|CUSTOM,META>ITEM>SUBTOTAL>TOTAL,NO_ITEMS,NONE,UNSET,UNSET,CENTER,6
Farm-Boy-Country-Market-Receipt,Farm Boy Country Market Receipt,MERCHANT_COPY,TOP,TOP,NONE,NONE,NONE,HEADER|CUSTOM|PAYMENT|PAYMENT|PAYMENT|CUSTOM|CUSTOM,ITEM>TENDER>SUBTOTAL>TAX>TOTAL>CHANGE,NO_ITEMS,NONE,LEFT,CRUMPLED_1,CENTER,7
FarmSudz-Receipt,FarmSudz Receipt,MERCHANT_COPY,TOP,TOP,DASHES,NONE,NONE,HEADER|CUSTOM|CUSTOM|PAYMENT|PAYMENT|CUSTOM|CUSTOM|BARCODE,TENDER>TOTAL>ITEM,NO_ITEMS,BOTTOM,LEFT,CRUMPLED_1,LEFT,8
Farmacia-Savia-Receipt,Farmacia Savia Receipt,MERCHANT_COPY,TOP,TOP,EMPTY,NONE,NONE,HEADER|DATE|CUSTOM|CUSTOM|CUSTOM|CUSTOM,NONE,NO_ITEMS,NONE,LEFT,CRUMPLED_1,CENTER,6
Farmavalue-Receipt,Farmavalue Receipt,MERCHANT_COPY,TOP,NONE,DASHES,DASHES,NONE,HEADER|ITEMS|CUSTOM|ITEMS|ITEMS|CUSTOM|CUSTOM|CUSTOM|ITEMS,ITEM,ABSENT,NONE,LEFT,CRUMPLED_1,CENTER,9
Farmers-Market-Receipt,Farmers Market Receipt,MERCHANT_COPY,TOP,NONE,NONE,NONE,NONE,HEADER|ITEMS|CUSTOM|CUSTOM,ITEM,ABSENT,NONE,LEFT,CRUMPLED_1,CENTER,4
Fastenal-Receipt,Fastenal Receipt,MERCHANT_COPY,TOP,TOP,NONE,NONE,NONE,HEADER|ITEMS|CUSTOM|BARCODE|CUSTOM|CUSTOM,ITEM,ABSENT,MIDDLE,LEFT,CRUMPLED_1,CENTER,6
Fastop-Receipt,Fastop Receipt,MERCHANT_COPY,TOP,TOP,NONE,NONE,NONE,HEADER|PAYMENT|CUSTOM|PAYMENT,ITEM>TOTAL,NO_ITEMS,NONE,LEFT,CRUMPLED_1,CENTER,4
FedEx-Office-Receipt,FedEx Office Receipt,MERCHANT_COPY,TOP,TOP,EQUALS,NONE,NONE,HEADER|CUSTOM|CUSTOM|CUSTOM|CUSTOM,NONE,NO_ITEMS,NONE,LEFT,CRUMPLED_1,CENTER,5
Fenwick-Receipt,Fenwick Receipt,MERCHANT_COPY,TOP,TOP,DASHES,DASHES,NONE,HEADER|ITEMS|ITEMS|BARCODE|CUSTOM|CUSTOM,ITEM,ABSENT,MIDDLE,LEFT,CRUMPLED_1,CENTER,6
Festival-Foods-Receipt,Festival Foods Receipt,MERCHANT_COPY,TOP,TOP,DASHES,NONE,NONE,HEADER|CUSTOM|CUSTOM|CUSTOM|CUSTOM|CUSTOM|CUSTOM|CUSTOM|BARCODE|CUSTOM,NONE,NO_ITEMS,MIDDLE,LEFT,CRUMPLED_1,CENTER,10
Finish-Line-Receipt,Finish Line Receipt,MERCHANT_COPY,TOP,TOP,EMPTY,NONE,NONE,HEADER|DATE|CUSTOM|CUSTOM|CUSTOM|BARCODE|CUSTOM,NONE,NO_ITEMS,MIDDLE,LEFT,CRUMPLED_1,CENTER,7
First-Watch-Receipt,First Watch Receipt,MERCHANT_COPY,TOP,TOP,DASHES,NONE,NONE,HEADER|ITEMS|ITEMS|ITEMS|CUSTOM|CUSTOM,ITEM,PRESENT,NONE,LEFT,CRUMPLED_1,CENTER,6
Five-Below-Receipt,Five Below Receipt,MERCHANT_COPY,TOP,TOP,NONE,NONE,NONE,HEADER|ITEMS|CUSTOM|CUSTOM|CUSTOM|BARCODE|CUSTOM,ITEM>SUBTOTAL>TAX>TOTAL,ABSENT,MIDDLE,LEFT,CRUMPLED_1,CENTER,7
Five-Guys-Receipt,Five Guys Receipt,MERCHANT_COPY,TOP,TOP,NONE,NONE,NONE,HEADER|CUSTOM|CUSTOM|ITEMS|ITEMS,ITEM,PRESENT,NONE,LEFT,CRUMPLED_1,CENTER,5
Flanigan's-Seafood-Bar-and-Grill-Receipt,Flanigan’s Seafood Bar and Grill Receipt,MERCHANT_COPY,TOP,TOP,EMPTY,EMPTY,NONE,HEADER|ITEMS|PAYMENT|CUSTOM|CUSTOM,ITEM>SUBTOTAL>TAX>TOTAL>TENDER>CHANGE,PRESENT,NONE,LEFT,CRUMPLED_1,CENTER,5
Flunch-Receipt,Flunch Receipt,MERCHANT_COPY,TOP,TOP,DASHES,NONE,NONE,HEADER|CUSTOM|ITEMS|ITEMS|CUSTOM|CUSTOM,ITEM,PRESENT,NONE,LEFT,CRUMPLED_1,CENTER,6
Food-4-Less-Receipt,Food 4 Less Receipt,MERCHANT_COPY,TOP,TOP,EMPTY,NONE,NONE,HEADER|CUSTOM|CUSTOM|CUSTOM,NONE,NO_ITEMS,NONE,LEFT,CRUMPLED_1,CENTER,4
Food-Basics-Receipt,Food Basics Receipt,MERCHANT_COPY,TOP,TOP,NONE,NONE,NONE,HEADER|CUSTOM|ITEMS|ITEMS|CUSTOM|CUSTOM,ITEM,ABSENT,NONE,LEFT,CRUMPLED_1,CENTER,6
Food-City-Receipt,Food City Receipt,MERCHANT_COPY,TOP,TOP,NONE,NONE,NONE,HEADER|ITEMS,ITEM,ABSENT,NONE,LEFT,CRUMPLED_1,CENTER,2
Food-Delivery-Receipt,Food Delivery Receipt,MERCHANT_COPY,TOP,TOP,DOTS,NONE,NONE,HEADER|DATE|CUSTOM|CUSTOM|CUSTOM|ITEMS|PAYMENT|CUSTOM|BARCODE,ITEM>SUBTOTAL>TAX>TOTAL>TENDER>META>AUTH,PRESENT,BOTTOM,LEFT,CRUMPLED_1,CENTER,9
Food-Lion-Receipt,Food Lion Receipt,MERCHANT_COPY,TOP,TOP,DASHES,DASHES,NONE,HEADER|ITEMS|PAYMENT|DATE|BARCODE|CUSTOM,ITEM>SUBTOTAL>TAX>TOTAL>TENDER>CHANGE,PRESENT,MIDDLE,LEFT,CRUMPLED_1,CENTER,6
Food-Plaza-Fresh-Market-PIK-Receipt,Food Plaza Fresh Market PIK Receipt,MERCHANT_COPY,TOP,NONE,DASHES,DASHES,NONE,HEADER|CUSTOM|ITEMS|CUSTOM,ITEM,ABSENT,NONE,LEFT,CRUMPLED_1,CENTER,4
Food4Less-Receipt,Food4Less Receipt,MERCHANT_COPY,TOP,TOP,EMPTY,EMPTY,NONE,HEADER|DATE|ITEMS|PAYMENT|CUSTOM,ITEM>SUBTOTAL>TAX>TOTAL>TENDER>CHANGE,PRESENT,NONE,LEFT,CRUMPLED_4,CENTER,5
FoodMaxx-Receipt,FoodMaxx Receipt,MERCHANT_COPY,TOP,TOP,NONE,NONE,NONE,HEADER|CUSTOM|CUSTOM|ITEMS|ITEMS|CUSTOM|ITEMS,ITEM>SUBTOTAL>TOTAL,ABSENT,NONE,LEFT,CRUMPLED_1,CENTER,7
Foot-Locker-Receipt,Foot Locker Receipt,MERCHANT_COPY,TOP,TOP,DASHES,DASHES,NONE,HEADER|ITEMS|ITEMS|ITEMS|ITEMS|CUSTOM,ITEM>TOTAL>TAX,ABSENT,NONE,LEFT,CRUMPLED_1,CENTER,6
Forever-21-Receipt,Forever 21 Receipt,MERCHANT_COPY,TOP,TOP,EMPTY,NONE,NONE,HEADER|CUSTOM|CUSTOM|CUSTOM,NONE,NO_ITEMS,NONE,LEFT,CRUMPLED_1,CENTER,4
Foster's-Hollywood-Receipt,Foster's Hollywood Receipt,MERCHANT_COPY,TOP,NONE,DASHES,DASHES,NONE,HEADER|CUSTOM|ITEMS|ITEMS|ITEMS|CUSTOM|CUSTOM|CUSTOM,ITEM>SUBTOTAL>TOTAL,ABSENT,NONE,LEFT,CRUMPLED_1,CENTER,8
Four-Seasons-Siam-Paragon-Receipt,Four Seasons Siam Paragon Receipt,MERCHANT_COPY,TOP,NONE,DASHES,NONE,NONE,HEADER|CUSTOM|PAYMENT|PAYMENT|CUSTOM|PAYMENT,ITEM>SUBTOTAL>TAX>TENDER>TOTAL,NO_ITEMS,NONE,LEFT,CRUMPLED_1,CENTER,6
Frankie-and-Benny's-Receipt,Frankie & Benny's Receipt,MERCHANT_COPY,TOP,NONE,NONE,DASHES,NONE,HEADER|ITEMS|ITEMS|ITEMS|CUSTOM|CUSTOM,ITEM,ABSENT,NONE,LEFT,CRUMPLED_1,CENTER,6
Freddy's-Frozen-Custard-and-Steakburgers-Receipt,Freddy’s Frozen Custard & Steakburgers Receipt,MERCHANT_COPY,TOP,TOP,EMPTY,EMPTY,NONE,HEADER|CUSTOM|CUSTOM|ITEMS|PAYMENT|BARCODE|CUSTOM|CUSTOM,ITEM>SUBTOTAL>TAX>TOTAL>TENDER>CHANGE,PRESENT,MIDDLE,LEFT,CRUMPLED_1,CENTER,8
Fresh-Thyme-Farmers-Market-Receipt,Fresh Thyme Farmers Market Receipt,MERCHANT_COPY,TOP,TOP,DASHES,NONE,NONE,HEADER|DATE|RESTAURANT|ITEMS|PAYMENT|CUSTOM,META>ITEM>SUBTOTAL>TAX>TOTAL>TENDER>CHANGE,ABSENT,NONE,LEFT,CRUMPLED_1,CENTER,6
FreshCo-Receipt,FreshCo Receipt,MERCHANT_COPY,TOP,TOP,DASHES,DASHES,NONE,HEADER|CUSTOM|ITEMS|ITEMS|ITEMS|CUSTOM|ITEMS|CUSTOM,ITEM>SUBTOTAL>TOTAL,ABSENT,NONE,LEFT,CRUMPLED_1,CENTER,8
Frida's-Mexican-Cuisine-and-Bar-Receipt,Frida's Mexican Cuisine and Bar Receipt,MERCHANT_COPY,TOP,TOP,NONE,NONE,NONE,HEADER|PAYMENT|CUSTOM,META>ITEM>SUBTOTAL>TAX>TOTAL,NO_ITEMS,NONE,LEFT,CRUMPLED_1,CENTER,3
Fry's-Food-Stores-Receipt,Fry’s Food Stores Receipt,MERCHANT_COPY,TOP,TOP,EMPTY,NONE,NONE,HEADER|CUSTOM|CUSTOM,NONE,NO_ITEMS,NONE,LEFT,CRUMPLED_1,LEFT,3
Fuel-America-Travel-Center-Receipt,Fuel America Travel Center Receipt,MERCHANT_COPY,TOP,NONE,NONE,DASHES,NONE,HEADER|CUSTOM|ITEMS|CUSTOM|CUSTOM,ITEM,ABSENT,NONE,LEFT,CRUMPLED_1,LEFT,5
Funeral-Receipt,Funeral Receipt,MERCHANT_COPY,TOP,TOP,EMPTY,DOTS,NONE,HEADER|CUSTOM|ITEMS|PAYMENT|BARCODE|CUSTOM|DATE,ITEM>SUBTOTAL>TAX>TOTAL>TENDER>META>AUTH,PRESENT,MIDDLE,LEFT,CRUMPLED_1,CENTER,7
Furlong-Vision-Correction-Receipt,Furlong Vision Correction Receipt,RECEIPTIONAL_RECEIPT,TOP,TOP,EQUALS,NONE,PERCENT_100,HEADER|CUSTOM|CUSTOM|CUSTOM|ITEMS|PAYMENT|BARCODE|CUSTOM|DATE,ITEM>SUBTOTAL>TAX>TOTAL>TENDER>META>AUTH,ABSENT,MIDDLE,LEFT,CRUMPLED_2,CENTER,9
Furniture-Receipt,Furniture Receipt,MERCHANT_COPY,TOP,TOP,STARS,DOTS,NONE,HEADER|CUSTOM|BARCODE|CUSTOM|ITEMS|PAYMENT|CUSTOM|DATE,ITEM>SUBTOTAL>TAX>TOTAL>TENDER>META>AUTH,PRESENT,MIDDLE,LEFT,CRUMPLED_1,CENTER,8
GAGA-Receipt,GA/GA Receipt,MERCHANT_COPY,TOP,TOP,DASHES,DASHES,NONE,HEADER|CUSTOM|ITEMS|CUSTOM|PAYMENT|CUSTOM,ITEM>TOTAL>TENDER,ABSENT,NONE,LEFT,CRUMPLED_1,CENTER,6
GAP-Receipt,GAP Receipt,MERCHANT_COPY,TOP,TOP,EMPTY,EMPTY,NONE,HEADER|DATE|BARCODE|CUSTOM|ITEMS|PAYMENT|CUSTOM,ITEM>SUBTOTAL>TAX>TOTAL>TENDER>CHANGE,PRESENT,MIDDLE,LEFT,CRUMPLED_1,CENTER,7
GBK-Cribbs-Causeway-Receipt,GBK Cribbs Causeway Receipt,MERCHANT_COPY,TOP,TOP,DASHES,DASHES,NONE,HEADER|CUSTOM|ITEMS|CUSTOM|ITEMS|ITEMS|ITEMS|ITEMS|CUSTOM|ITEMS,ITEM,PRESENT,NONE,LEFT,CRUMPLED_1,CENTER,10
GDK-Receipt,GDK Receipt,MERCHANT_COPY,TOP,TOP,NONE,NONE,NONE,HEADER|CUSTOM|ITEMS|CUSTOM|CUSTOM|BARCODE|CUSTOM,ITEM,ABSENT,MIDDLE,LEFT,CRUMPLED_1,CENTER,7
GIANT-Receipt,GIANT Receipt,MERCHANT_COPY,TOP,TOP,STARS,NONE,NONE,HEADER|CUSTOM|CUSTOM|ITEMS|PAYMENT|CUSTOM,ITEM>TAX>TENDER>AUTH,ABSENT,NONE,LEFT,CRUMPLED_1,CENTER,6
GNC-Receipt,GNC Receipt,MERCHANT_COPY,TOP,TOP,EMPTY,DASHES,NONE,HEADER|CUSTOM|ITEMS|CUSTOM|CUSTOM,ITEM>SUBTOTAL>TAX>TOTAL,ABSENT,NONE,LEFT,CRUMPLED_1,CENTER,5
GOAT-Receipt,GOAT Receipt,MERCHANT_COPY,TOP,TOP,EMPTY,EMPTY,NONE,HEADER|CUSTOM|CUSTOM|CUSTOM|ITEMS|CUSTOM,ITEM>SUBTOTAL>TOTAL>TENDER,PRESENT,NONE,LEFT,CRUMPLED_1,LEFT,6
Galp-Portugal-Receipt,Galp Portugal Receipt,MERCHANT_COPY,TOP,TOP,DASHES,DASHES,NONE,HEADER|CUSTOM|ITEMS|ITEMS|CUSTOM|ITEMS|CUSTOM,ITEM,ABSENT,NONE,LEFT,CRUMPLED_1,CENTER,7
GameStop-Receipt,GameStop Receipt,MERCHANT_COPY,TOP,TOP,STARS,NONE,NONE,HEADER|CUSTOM|CUSTOM|BARCODE|CUSTOM|CUSTOM,NONE,NO_ITEMS,MIDDLE,LEFT,CRUMPLED_1,CENTER,6
Gas-Receipt,Gas Receipt,MERCHANT_COPY,TOP,TOP,DOTS,NONE,NONE,HEADER|CUSTOM|CUSTOM|CUSTOM|ITEMS|PAYMENT|CUSTOM|BARCODE|DATE,SUBTOTAL>TAX>TOTAL>TENDER>META>AUTH>ITEM,NO_ITEMS,MIDDLE,LEFT,CRUMPLED_1,CENTER,9
Gasthaus-Gensle-Receipt,Gasthaus Gensle Receipt,MERCHANT_COPY,TOP,TOP,EQUALS,EQUALS,NONE,HEADER|CUSTOM|ITEMS|ITEMS|CUSTOM,ITEM,ABSENT,NONE,LEFT,CRUMPLED_1,CENTER,5
Gelson's-Receipt,Gelson's Receipt,MERCHANT_COPY,TOP,TOP,NONE,NONE,NONE,HEADER|CUSTOM|ITEMS|CUSTOM|CUSTOM|CUSTOM,ITEM,ABSENT,NONE,LEFT,CRUMPLED_1,CENTER,6
Generic-Business-Receipt,Generic Business Receipt,MERCHANT_COPY,TOP,TOP,DASHES,NONE,NONE,HEADER|CUSTOM|DATE|CUSTOM|CUSTOM|ITEMS|PAYMENT|CUSTOM|CUSTOM,ITEM>SUBTOTAL>TAX>TOTAL>TENDER>META>AUTH,PRESENT,NONE,LEFT,CRUMPLED_1,CENTER,9
Generic-POS-Receipt,Generic POS Receipt,MERCHANT_COPY,TOP,TOP,EMPTY,NONE,NONE,HEADER|DATE|CUSTOM|RESTAURANT|RESTAURANT|ITEMS|PAYMENT|CUSTOM|BARCODE,META>ITEM>SUBTOTAL>TAX>TOTAL>TENDER>AUTH,PRESENT,BOTTOM,LEFT,CRUMPLED_1,CENTER,9
Generic-Parking-Receipt,Generic Parking Receipt,MERCHANT_COPY,MIDDLE,MIDDLE,EMPTY,DASHES,NONE,DATE|HEADER|CUSTOM|CUSTOM|ITEMS|PAYMENT|CUSTOM|CUSTOM|BARCODE,ITEM>SUBTOTAL>TAX>TOTAL>TENDER>CHANGE,ABSENT,BOTTOM,LEFT,CRUMPLED_1,CENTER,9
Generic-Service-Receipt,Generic Service Receipt,MERCHANT_COPY,TOP,TOP,STARS,STARS,PERCENT_20,HEADER|CUSTOM|CUSTOM|ITEMS|BARCODE|PAYMENT|CUSTOM|DATE,ITEM>SUBTOTAL>TAX>TOTAL>TENDER>META>AUTH,PRESENT,MIDDLE,LEFT,CRUMPLED_1,CENTER,8
GetGo-Receipt,GetGo Receipt,MERCHANT_COPY,TOP,TOP,DASHES,NONE,NONE,HEADER|CUSTOM|CUSTOM|ITEMS|ITEMS|CUSTOM|CUSTOM|BARCODE|CUSTOM,ITEM,PRESENT,MIDDLE,LEFT,CRUMPLED_1,CENTER,9
Giant-Eagle-Receipt,Giant Eagle Receipt,MERCHANT_COPY,TOP,TOP,NONE,NONE,NONE,HEADER|CUSTOM|ITEMS|ITEMS|CUSTOM|CUSTOM|CUSTOM,ITEM,ABSENT,NONE,LEFT,CRUMPLED_1,CENTER,7
Ginger-Thai-Cuisine-Tax-Invoice-Receipt,Ginger Thai Cuisine Tax Invoice Receipt,MERCHANT_COPY,TOP,NONE,DASHES,DASHES,NONE,HEADER|CUSTOM|ITEMS|ITEMS|ITEMS|CUSTOM,ITEM,ABSENT,NONE,LEFT,CRUMPLED_1,CENTER,6
Gingerbread-House-Florist-and-Gifts-Receipt,Gingerbread House Florist & Gifts Receipt,MERCHANT_COPY,TOP,TOP,DASHES,DASHES,NONE,HEADER|DATE|ITEMS|PAYMENT|BARCODE|CUSTOM,ITEM>SUBTOTAL>TAX>TOTAL>TENDER>META>AUTH,PRESENT,MIDDLE,RIGHT_SPACE,CRUMPLED_1,CENTER,6
Golden-Corral-Receipt,Golden Corral Receipt,MERCHANT_COPY,TOP,TOP,DASHES,NONE,NONE,HEADER|ITEMS|CUSTOM|ITEMS|CUSTOM|BARCODE,ITEM,ABSENT,BOTTOM,LEFT,CRUMPLED_1,CENTER,6
Golf-Galaxy-Receipt,Golf Galaxy Receipt,MERCHANT_COPY,TOP,TOP,NONE,NONE,NONE,HEADER|CUSTOM|CUSTOM|ITEMS|CUSTOM,SUBTOTAL>TAX>TOTAL,NO_ITEMS,NONE,LEFT,CRUMPLED_1,CENTER,5
Good-Stuff-Eatery-Receipt,Good Stuff Eatery Receipt,MERCHANT_COPY,TOP,TOP,DASHES,NONE,NONE,HEADER|ITEMS|ITEMS|CUSTOM,ITEM,ABSENT,NONE,LEFT,CRUMPLED_1,CENTER,4
Gordon-Ramsay-Plane-Food-Receipt,Gordon Ramsay Plane Food Receipt,MERCHANT_COPY,TOP,TOP,NONE,DASHES,NONE,HEADER|CUSTOM|ITEMS|ITEMS|ITEMS|ITEMS|ITEMS|ITEMS|CUSTOM|CUSTOM,ITEM,PRESENT,NONE,LEFT,CRUMPLED_1,CENTER,10
Gordy-and-Sons-Outfitters-Receipt,Gordy & Sons Outfitters Receipt ,FAKE_RECEIPT,TOP,TOP,EMPTY,NONE,NONE,HEADER|CUSTOM|ITEMS|CUSTOM|BARCODE|CUSTOM,ITEM>SUBTOTAL>TAX>TOTAL,PRESENT,MIDDLE,LEFT,CRUMPLED_5,CENTER,6
Goyard-Boutique-Receipt,Goyard Boutique Receipt,MERCHANT_COPY,TOP,TOP,DASHES,DASHES,PERCENT_10,HEADER|DATE|RESTAURANT|ITEMS|PAYMENT|CUSTOM|CUSTOM,META>ITEM>SUBTOTAL>TAX>TOTAL>TENDER>AUTH,PRESENT,NONE,LEFT,CRUMPLED_1,CENTER,7
Grailed-Receipt,Grailed Receipt,MERCHANT_COPY,TOP,TOP,DASHES,NONE,PERCENT_50,HEADER|CUSTOM|CUSTOM|CUSTOM|ITEMS|CUSTOM|CUSTOM,ITEM>TOTAL,ABSENT,NONE,LEFT,CRUMPLED_1,CENTER,7
Grand-Central-Market-NY-Receipt,Grand Central Market NY Receipt,MERCHANT_COPY,TOP,NONE,NONE,NONE,NONE,HEADER|ITEMS|CUSTOM|CUSTOM|BARCODE,ITEM,ABSENT,BOTTOM,LEFT,CRUMPLED_1,CENTER,5
Granger-and-Co.-Receipt,Granger & Co. Receipt,MERCHANT_COPY,TOP,NONE,DASHES,DASHES,NONE,HEADER|ITEMS|CUSTOM|CUSTOM|CUSTOM|ITEMS|ITEMS|CUSTOM|CUSTOM|CUSTOM|CUSTOM,ITEM,ABSENT,NONE,LEFT,CRUMPLED_1,CENTER,11
Great-Clips-Receipt,Great Clips Receipt,MERCHANT_COPY,TOP,TOP,NONE,NONE,NONE,HEADER|ITEMS|ITEMS|ITEMS|CUSTOM,ITEM>SUBTOTAL>TOTAL,ABSENT,NONE,LEFT,CRUMPLED_1,CENTER,5
Grill'd-Receipt,Grill'd Receipt,MERCHANT_COPY,TOP,TOP,NONE,NONE,NONE,HEADER|CUSTOM|ITEMS|ITEMS|ITEMS|CUSTOM,ITEM,PRESENT,NONE,LEFT,CRUMPLED_1,CENTER,6
Gristedes-Receipt,Gristedes Receipt,MERCHANT_COPY,TOP,TOP,DASHES,DASHES,NONE,HEADER|CUSTOM|CUSTOM|CUSTOM|ITEMS|CUSTOM,ITEM,ABSENT,NONE,LEFT,CRUMPLED_1,CENTER,6
Grocery-Outlet-Receipt,Grocery Outlet Receipt,MERCHANT_COPY,TOP,TOP,NONE,NONE,NONE,HEADER|CUSTOM|ITEMS|ITEMS|CUSTOM|CUSTOM|CUSTOM,ITEM,ABSENT,NONE,LEFT,CRUMPLED_1,CENTER,7
Grocery-Receipt,Grocery Receipt,MERCHANT_COPY,TOP,TOP,DASHES,DASHES,NONE,HEADER|BARCODE|DATE|ITEMS|PAYMENT|CUSTOM,ITEM>SUBTOTAL>TOTAL>TENDER>META>AUTH,PRESENT,MIDDLE,LEFT,CRUMPLED_1,CENTER,6
Guardian-Health-and-Beauty-Receipt,Guardian Health & Beauty Receipt,MERCHANT_COPY,TOP,NONE,DASHES,NONE,NONE,HEADER|CUSTOM|CUSTOM|CUSTOM,NONE,NO_ITEMS,NONE,LEFT,CRUMPLED_1,CENTER,4
Gucci-Receipt,Gucci Receipt,MERCHANT_COPY,TOP,TOP,DASHES,NONE,PERCENT_10,HEADER|CUSTOM|ITEMS|PAYMENT|CUSTOM|BARCODE,ITEM>SUBTOTAL>TAX>TOTAL>TENDER>META>AUTH,PRESENT,BOTTOM,LEFT,CRUMPLED_1,CENTER,6
Gugu's-Corner-Receipt,Gugu's Corner Receipt,MERCHANT_COPY,TOP,TOP,NONE,DASHES,NONE,HEADER|CUSTOM|ITEMS|ITEMS|CUSTOM,ITEM,PRESENT,NONE,LEFT,CRUMPLED_1,CENTER,5
Guld-and-Rod-Receipt,Guld & Rod Receipt,MERCHANT_COPY,TOP,TOP,NONE,DASHES,NONE,HEADER|ITEMS|ITEMS|ITEMS|ITEMS|ITEMS|CUSTOM|CUSTOM,ITEM,ABSENT,NONE,LEFT,CRUMPLED_1,CENTER,8
H-E-B-Receipt,H-E-B Receipt,MERCHANT_COPY,TOP,TOP,EMPTY,DASHES,NONE,HEADER|ITEMS|CUSTOM,ITEM>SUBTOTAL>TAX>TOTAL,PRESENT,NONE,LEFT,CRUMPLED_1,CENTER,3
H-Mart-Receipt,H Mart Receipt,MERCHANT_COPY,TOP,TOP,NONE,NONE,NONE,HEADER|CUSTOM|ITEMS|CUSTOM|ITEMS|ITEMS|CUSTOM|CUSTOM|BARCODE|CUSTOM|CUSTOM,ITEM>TENDER>CHANGE,ABSENT,MIDDLE,LEFT,CRUMPLED_1,CENTER,11
HSBC-Receipt,HSBC Receipt,MERCHANT_COPY,TOP,TOP,NONE,NONE,NONE,HEADER|CUSTOM|ITEMS|CUSTOM,ITEM,ABSENT,NONE,LEFT,CRUMPLED_1,CENTER,4
Habitat-ReStore-Receipt,Habitat ReStore Receipt,MERCHANT_COPY,TOP,TOP,NONE,DASHES,NONE,HEADER|CUSTOM|ITEMS|CUSTOM|CUSTOM,ITEM,ABSENT,NONE,LEFT,CRUMPLED_1,CENTER,5
Hai-Lan-Coffee-Receipt,Hai Lan Coffee Receipt,MERCHANT_COPY,TOP,TOP,DASHES,DASHES,NONE,HEADER|ITEMS|CUSTOM|ITEMS|ITEMS|CUSTOM|CUSTOM,ITEM,ABSENT,NONE,LEFT,CRUMPLED_1,CENTER,7
Half-Price-Books-Receipt,Half Price Books Receipt,MERCHANT_COPY,TOP,TOP,EMPTY,EMPTY,NONE,HEADER|CUSTOM|CUSTOM|ITEMS|PAYMENT|CUSTOM|BARCODE|CUSTOM,ITEM>SUBTOTAL>TAX>TOTAL>TENDER>CHANGE,PRESENT,MIDDLE,LEFT,CRUMPLED_1,CENTER,8
HandM-Receipt,H&M Receipt,MERCHANT_COPY,TOP,TOP,DASHES,DASHES,NONE,HEADER|CUSTOM|ITEMS|CUSTOM|CUSTOM|BARCODE|CUSTOM,ITEM>SUBTOTAL>TAX>TOTAL,ABSENT,MIDDLE,LEFT,CRUMPLED_1,CENTER,7
Handyman-Receipt,Handyman Receipt,MERCHANT_COPY,TOP,TOP,EQUALS,EQUALS,NONE,HEADER|CUSTOM|CUSTOM|ITEMS|PAYMENT|CUSTOM|DATE|BARCODE,ITEM>SUBTOTAL>TAX>TOTAL>TENDER>META>AUTH,PRESENT,BOTTOM,LEFT,CRUMPLED_1,CENTER,8
Harbor-Freight-Tools-Receipt,Harbor Freight Tools Receipt,MERCHANT_COPY,MIDDLE,MIDDLE,DASHES,NONE,NONE,CUSTOM|HEADER|CUSTOM|CUSTOM|ITEMS|PAYMENT|BARCODE|CUSTOM,ITEM>SUBTOTAL>TAX>TOTAL>TENDER>META>AUTH,PRESENT,MIDDLE,LEFT,CRUMPLED_1,CENTER,8
Hardee's-Receipt,Hardee's Receipt,MERCHANT_COPY,TOP,NONE,EMPTY,NONE,PERCENT_50,HEADER|RESTAURANT|ITEMS|PAYMENT|CUSTOM|CUSTOM|CUSTOM|DATE,ITEM>META>SUBTOTAL>TAX>TOTAL>TENDER>AUTH,PRESENT,NONE,LEFT,CRUMPLED_1,CENTER,8
Hardee's-of-Dickinson-Receipt,Hardee's of Dickinson Receipt,UNSET,TOP,NONE,STARS,NONE,NONE,HEADER|PAYMENT|CUSTOM|PAYMENT|CUSTOM|BARCODE|CUSTOM|CUSTOM|CUSTOM,ITEM>SUBTOTAL>TAX>TOTAL,NO_ITEMS,MIDDLE,UNSET,UNSET,CENTER,9
Harris'-Restaurant-Receipt,Harris’ Restaurant Receipt,MERCHANT_COPY,TOP,TOP,EMPTY,EMPTY,NONE,HEADER|DATE|ITEMS|CUSTOM,ITEM>SUBTOTAL>TAX>TOTAL,PRESENT,NONE,LEFT,CRUMPLED_1,CENTER,4
Harris-Teeter-Receipt,Harris Teeter Receipt,MERCHANT_COPY,TOP,TOP,EMPTY,NONE,NONE,HEADER|CUSTOM|CUSTOM|BARCODE,NONE,NO_ITEMS,BOTTOM,LEFT,CRUMPLED_1,LEFT,4
Hartford-Baking-Co.-Receipt,Hartford Baking Co. Receipt,RECEIPTIONAL_RECEIPT,MIDDLE,MIDDLE,DASHES,NONE,NONE,CUSTOM|HEADER|CUSTOM|CUSTOM|DATE|ITEMS|CUSTOM|CUSTOM,ITEM>SUBTOTAL>TAX>TOTAL,PRESENT,NONE,LEFT,CRUMPLED_1,CENTER,8
Harvey-Nichols-Receipt,Harvey Nichols Receipt,MERCHANT_COPY,TOP,TOP,NONE,DASHES,NONE,HEADER|ITEMS|ITEMS|CUSTOM,ITEM,ABSENT,NONE,LEFT,CRUMPLED_1,CENTER,4
Harvey-Norman-Invoice-Payment-Receipt,Harvey Norman Invoice Payment Receipt,MERCHANT_COPY,TOP,TOP,NONE,NONE,NONE,HEADER|ITEMS|CUSTOM|ITEMS|CUSTOM,ITEM,ABSENT,NONE,LEFT,CRUMPLED_1,CENTER,5
Hawaiian-Bros-Island-Grill-Receipt,Hawaiian Bros Island Grill Receipt,MERCHANT_COPY,MIDDLE,MIDDLE,DASHES,EMPTY,NONE,CUSTOM|HEADER|CUSTOM|RESTAURANT|ITEMS|CUSTOM|DATE,ITEM>SUBTOTAL>TAX>TOTAL,ABSENT,NONE,LEFT,CRUMPLED_1,CENTER,7
HeHa-Waterfall-Receipt,HeHa Waterfall Receipt,MERCHANT_COPY,TOP,NONE,DASHES,DASHES,NONE,HEADER|CUSTOM|CUSTOM|ITEMS|ITEMS|ITEMS|CUSTOM|CUSTOM,ITEM,ABSENT,NONE,LEFT,CRUMPLED_1,CENTER,8
Heinen's-Fine-Foods-Receipt,Heinen's Fine Foods Receipt,MERCHANT_COPY,TOP,TOP,NONE,NONE,NONE,HEADER|ITEMS|CUSTOM,ITEM,ABSENT,NONE,LEFT,CRUMPLED_1,CENTER,3
Helzberg-Diamonds-Receipt,Helzberg Diamonds Receipt,MERCHANT_COPY,TOP,TOP,NONE,DASHES,NONE,HEADER|ITEMS|CUSTOM|ITEMS|CUSTOM|ITEMS|BARCODE|CUSTOM,ITEM>TOTAL>TENDER,PRESENT,MIDDLE,LEFT,CRUMPLED_1,CENTER,8
Hemingways-Receipt,Hemingways Receipt,MERCHANT_COPY,TOP,TOP,DASHES,NONE,NONE,HEADER|ITEMS|CUSTOM|CUSTOM|CUSTOM|CUSTOM|CUSTOM|ITEMS|CUSTOM,ITEM,ABSENT,NONE,LEFT,CRUMPLED_1,CENTER,9
Heritage-Catering-Receipt,Heritage Catering Receipt,MERCHANT_COPY,TOP,TOP,DASHES,NONE,NONE,HEADER|CUSTOM|CUSTOM|ITEMS|CUSTOM,ITEM,PRESENT,NONE,LEFT,CRUMPLED_1,CENTER,5
Hillside-Liquor-Receipt,Hillside Liquor Receipt,FAKE_RECEIPT,TOP,TOP,DASHES,NONE,PERCENT_50,HEADER|DATE|RESTAURANT|ITEMS|PAYMENT|CUSTOM,ITEM>SUBTOTAL>TAX>TOTAL>TENDER>AUTH,PRESENT,NONE,LEFT,UNSET,CENTER,6
Hiltl-Dachterrasse-Receipt,Hiltl Dachterrasse Receipt,MERCHANT_COPY,TOP,TOP,DASHES,NONE,NONE,HEADER|CUSTOM|CUSTOM|PAYMENT|CUSTOM,ITEM>AUTH>SUBTOTAL,NO_ITEMS,NONE,LEFT,CRUMPLED_1,CENTER,5
Hilton-Hotel-Receipt,Hilton Hotel Receipt,MERCHANT_COPY,TOP,TOP,STARS,EMPTY,PERCENT_50,HEADER|CUSTOM|CUSTOM|DATE|ITEMS|CUSTOM|CUSTOM|BARCODE,ITEM>SUBTOTAL>TIP>TAX>TOTAL,PRESENT,BOTTOM,LEFT,CRUMPLED_1,CENTER,8
Hippo-Burgers-Receipt,Hippo Burgers Receipt,MERCHANT_COPY,TOP,TOP,DASHES,NONE,NONE,HEADER|ITEMS|CUSTOM,ITEM,ABSENT,NONE,LEFT,CRUMPLED_1,CENTER,3
Hippopotamus-Receipt,Hippopotamus Receipt,MERCHANT_COPY,TOP,TOP,DASHES,DASHES,NONE,HEADER|ITEMS|ITEMS|CUSTOM|CUSTOM,ITEM,ABSENT,NONE,LEFT,CRUMPLED_1,CENTER,5
Hisana-Receipt,Hisana Receipt,MERCHANT_COPY,TOP,TOP,DASHES,NONE,NONE,HEADER|CUSTOM|PAYMENT|CUSTOM|CUSTOM,TOTAL>ITEM>TENDER,NO_ITEMS,NONE,LEFT,CRUMPLED_1,CENTER,5
Hobby-Lobby-Receipt,Hobby Lobby Receipt,MERCHANT_COPY,TOP,TOP,EMPTY,NONE,PERCENT_75,HEADER|ITEMS|PAYMENT|CUSTOM|BARCODE,ITEM>SUBTOTAL>TOTAL>TENDER>META>AUTH,PRESENT,BOTTOM,LEFT,CRUMPLED_1,CENTER,5
Holiday-Inn-Receipt,Holiday Inn Receipt,MERCHANT_COPY,TOP,TOP,EQUALS,NONE,NONE,HEADER|DATE|CUSTOM|ITEMS|PAYMENT|BARCODE|CUSTOM,ITEM>SUBTOTAL>TAX>TOTAL>TENDER>META>AUTH,ABSENT,MIDDLE,LEFT,CRUMPLED_1,LEFT,7
Hollister-Receipt,Hollister Receipt,MERCHANT_COPY,TOP,TOP,EMPTY,EMPTY,NONE,HEADER|CUSTOM|ITEMS|PAYMENT|CUSTOM|CUSTOM,ITEM>SUBTOTAL>TAX>TOTAL>TENDER>CHANGE,PRESENT,NONE,LEFT,CRUMPLED_1,CENTER,6
Home-Bargains-Store-Receipt,Home Bargains Store Receipt,MERCHANT_COPY,TOP,TOP,DASHES,DASHES,NONE,HEADER|ITEMS|CUSTOM|CUSTOM|BARCODE,ITEM>TOTAL>TENDER,ABSENT,BOTTOM,LEFT,CRUMPLED_1,LEFT,5
Home-Depot-Retail-Receipt,Home Depot Retail Receipt,MERCHANT_COPY,TOP,TOP,NONE,NONE,NONE,HEADER|CUSTOM|ITEMS|CUSTOM|BARCODE|CUSTOM|CUSTOM,ITEM>SUBTOTAL>TAX>TOTAL>TENDER>AUTH,ABSENT,MIDDLE,LEFT,CRUMPLED_1,CENTER,7
HomeGoods-Receipt,HomeGoods Receipt,MERCHANT_COPY,TOP,NONE,EMPTY,NONE,NONE,HEADER|CUSTOM|CUSTOM,NONE,NO_ITEMS,NONE,LEFT,CRUMPLED_1,CENTER,3
Homebase-Receipt,Homebase Receipt,MERCHANT_COPY,TOP,TOP,DASHES,DASHES,NONE,HEADER|CUSTOM|CUSTOM|ITEMS|ITEMS|PAYMENT|DATE,ITEM>TENDER>CHANGE,ABSENT,NONE,LEFT,CRUMPLED_1,CENTER,7
Hospital-Receipt,Hospital Receipt,MERCHANT_COPY,TOP,TOP,COLONS,NONE,PERCENT_20,HEADER|CUSTOM|CUSTOM|CUSTOM|CUSTOM|ITEMS|PAYMENT|CUSTOM|BARCODE|DATE,ITEM>SUBTOTAL>TAX>TOTAL>TENDER>META>AUTH,PRESENT,MIDDLE,LEFT,CRUMPLED_1,CENTER,10
Hot-Topic-Receipt,Hot Topic Receipt,MERCHANT_COPY,TOP,TOP,EMPTY,EMPTY,NONE,HEADER|ITEMS|PAYMENT|CUSTOM,ITEM>SUBTOTAL>TAX>TOTAL>TENDER>CHANGE,ABSENT,NONE,LEFT,CRUMPLED_1,CENTER,4
Hotel-Receipt,Hotel Receipt,MERCHANT_COPY,TOP,TOP,DASHES,DASHES,PERCENT_100,HEADER|CUSTOM|CUSTOM|ITEMS|PAYMENT|CUSTOM,ITEM>SUBTOTAL>TAX>TOTAL>TENDER>META>AUTH,PRESENT,NONE,UNSET,UNSET,CENTER,6
Hotel-receipt,Hotel receipt,MERCHANT_COPY,TOP,TOP,DASHES,DASHES,NONE,HEADER|DATE|ITEMS|PAYMENT|BARCODE,ITEM>SUBTOTAL>TAX>TOTAL>TENDER>META>AUTH,ABSENT,BOTTOM,UNSET,UNSET,CENTER,5
House-of-Fraser-Receipt,House of Fraser Receipt,FAKE_RECEIPT,TOP,TOP,NONE,NONE,NONE,HEADER|BARCODE|CUSTOM|CUSTOM|CUSTOM|CUSTOM|CUSTOM|CUSTOM,NONE,NO_ITEMS,MIDDLE,LEFT,CRUMPLED_1,CENTER,8
Humble-Origins-Coffee-Roasters-Receipt,Humble Origins Coffee Roasters Receipt,MERCHANT_COPY,TOP,TOP,DASHES,DASHES,NONE,HEADER|ITEMS|ITEMS|CUSTOM|ITEMS|ITEMS|CUSTOM,ITEM,ABSENT,NONE,LEFT,CRUMPLED_1,LEFT,7
Hungry-Horse-Receipt,Hungry Horse Receipt,MERCHANT_COPY,TOP,NONE,DASHES,DASHES,NONE,HEADER|ITEMS|ITEMS|ITEMS|CUSTOM|CUSTOM|ITEMS|CUSTOM|ITEMS|CUSTOM,ITEM,PRESENT,NONE,LEFT,CRUMPLED_1,CENTER,10
Hunters-Receipt,Hunters Receipt,MERCHANT_COPY,TOP,TOP,NONE,EQUALS,NONE,HEADER|ITEMS|ITEMS|CUSTOM,ITEM>TOTAL,PRESENT,NONE,LEFT,CRUMPLED_1,LEFT,4
Hy-Vee-Receipt,Hy-Vee Receipt,FAKE_RECEIPT,TOP,TOP,EMPTY,DASHES,NONE,HEADER|DATE|ITEMS|PAYMENT|CUSTOM,ITEM>SUBTOTAL>TAX>TOTAL>TENDER,PRESENT,NONE,LEFT,CRUMPLED_4,CENTER,5
IHOP-Receipt,IHOP Receipt,MERCHANT_COPY,TOP,TOP,DASHES,NONE,NONE,HEADER|DATE|CUSTOM|ITEMS|CUSTOM,ITEM>SUBTOTAL>TAX>TOTAL,PRESENT,NONE,LEFT,CRUMPLED_1,CENTER,5
IKEA-Food-Receipt,IKEA Food Receipt,MERCHANT_COPY,TOP,TOP,DASHES,DASHES,NONE,HEADER|ITEMS|ITEMS|ITEMS|ITEMS|CUSTOM|CUSTOM,ITEM,PRESENT,NONE,LEFT,CRUMPLED_1,CENTER,7
IKEA-Furniture-Store-Receipt,IKEA – Furniture Store Receipt,MERCHANT_COPY,TOP,TOP,STARS,DOTS,NONE,HEADER|CUSTOM|BARCODE|CUSTOM|ITEMS|PAYMENT|CUSTOM|DATE,ITEM>SUBTOTAL>TAX>TOTAL>TENDER>META>AUTH,PRESENT,MIDDLE,LEFT,CRUMPLED_1,CENTER,8
IN-N-OUT-Burger-Receipt,IN-N-OUT Burger Receipt,MERCHANT_COPY,TOP,NONE,EQUALS,EMPTY,NONE,HEADER|CUSTOM|ITEMS|PAYMENT|CUSTOM|CUSTOM|CUSTOM,ITEM>SUBTOTAL>TAX>TOTAL>TENDER>CHANGE,ABSENT,NONE,LEFT,CRUMPLED_1,CENTER,7
ISABEL-MARANT-Receipt,ISABEL MARANT Receipt,MERCHANT_COPY,TOP,TOP,DASHES,NONE,NONE,HEADER|CUSTOM|CUSTOM|CUSTOM|CUSTOM|CUSTOM|CUSTOM|CUSTOM|CUSTOM|BARCODE|CUSTOM,NONE,NO_ITEMS,MIDDLE,LEFT,CRUMPLED_1,CENTER,11
Iceland-Store-Receipt,Iceland Store Receipt,MERCHANT_COPY,TOP,TOP,NONE,NONE,NONE,HEADER|CUSTOM|ITEMS|RESTAURANT|ITEMS|ITEMS|BARCODE|CUSTOM,ITEM,ABSENT,MIDDLE,LEFT,CRUMPLED_1,CENTER,8
Icicles-Receipt,Icicles Receipt,MERCHANT_COPY,TOP,NONE,NONE,NONE,NONE,HEADER|ITEMS|CUSTOM|CUSTOM|CUSTOM|CUSTOM,ITEM,ABSENT,NONE,LEFT,CRUMPLED_1,CENTER,6
Il-Fortino-Receipt,Il Fortino Receipt,MERCHANT_COPY,TOP,TOP,NONE,NONE,NONE,HEADER|ITEMS|CUSTOM,ITEM,PRESENT,NONE,LEFT,CRUMPLED_1,CENTER,3
Imperial-Kitchen-and-Dimsum-Receipt,Imperial Kitchen & Dimsum Receipt,MERCHANT_COPY,TOP,NONE,DASHES,DASHES,NONE,HEADER|CUSTOM|ITEMS|CUSTOM|CUSTOM,ITEM,PRESENT,NONE,LEFT,CRUMPLED_1,CENTER,5
Indian-Petrol-Pump-Receipt,Indian Petrol Pump Receipt,MERCHANT_COPY,TOP,TOP,NONE,NONE,NONE,HEADER|DATE|DATE|CUSTOM|CUSTOM|BARCODE,NONE,NO_ITEMS,BOTTOM,LEFT,CRUMPLED_1,LEFT,6
Indian-Restaurant-Bill,Indian Restaurant Bill,MERCHANT_COPY,TOP,TOP,DASHES,DASHES,PERCENT_75,HEADER|BARCODE|DATE|CUSTOM|ITEMS|PAYMENT|CUSTOM,ITEM>SUBTOTAL>TAX>TOTAL>TENDER>META>AUTH,PRESENT,MIDDLE,LEFT,CRUMPLED_1,CENTER,7
Ingles-Markets-Receipt,Ingles Markets Receipt,MERCHANT_COPY,TOP,TOP,NONE,NONE,NONE,HEADER|ITEMS|CUSTOM,ITEM,ABSENT,NONE,LEFT,CRUMPLED_1,CENTER,3
Ippudo-Receipt,Ippudo Receipt,MERCHANT_COPY,TOP,NONE,NONE,DASHES,NONE,HEADER|ITEMS|ITEMS|ITEMS|CUSTOM,ITEM,ABSENT,NONE,LEFT,CRUMPLED_1,CENTER,5
Itemized-Sales-Receipt,Itemized Sales Receipt,MERCHANT_COPY,TOP,TOP,EMPTY,NONE,PERCENT_50,HEADER|DATE|CUSTOM|CUSTOM|CUSTOM|ITEMS|PAYMENT|CUSTOM|CUSTOM,ITEM>SUBTOTAL>TAX>TOTAL>TENDER>META>AUTH,PRESENT,NONE,LEFT,CRUMPLED_1,CENTER,9
Itsu-Receipt,Itsu Receipt,MERCHANT_COPY,TOP,TOP,DASHES,DASHES,NONE,HEADER|ITEMS|CUSTOM|ITEMS|CUSTOM|ITEMS|CUSTOM|CUSTOM,ITEM,ABSENT,NONE,LEFT,CRUMPLED_1,LEFT,8
J.CO-Pluit-Village-Receipt,J.CO Pluit Village Receipt,MERCHANT_COPY,TOP,TOP,DASHES,NONE,NONE,HEADER|CUSTOM|CUSTOM|CUSTOM|ITEMS|CUSTOM|BARCODE|CUSTOM,ITEM,ABSENT,MIDDLE,LEFT,CRUMPLED_1,CENTER,8
J.Crew-Receipt,J.Crew Receipt,MERCHANT_COPY,TOP,TOP,NONE,NONE,NONE,HEADER|CUSTOM|CUSTOM|ITEMS|CUSTOM|ITEMS|CUSTOM|CUSTOM|CUSTOM,ITEM>SUBTOTAL>TAX,ABSENT,NONE,LEFT,CRUMPLED_1,CENTER,9
JB-Short-Carpet-One-Receipt,JB Short Carpet One Receipt,MERCHANT_COPY,TOP,NONE,NONE,NONE,NONE,HEADER|ITEMS|CUSTOM|CUSTOM,ITEM,ABSENT,NONE,LEFT,CRUMPLED_1,CENTER,4
JCPenney-Receipt,JCPenney Receipt,MERCHANT_COPY,TOP,TOP,DASHES,NONE,NONE,HEADER|CUSTOM|CUSTOM|CUSTOM|CUSTOM,NONE,NO_ITEMS,NONE,LEFT,CRUMPLED_1,RIGHT,5
JD-Sports-Receipt,JD Sports Receipt,MERCHANT_COPY,TOP,NONE,EMPTY,NONE,NONE,HEADER|CUSTOM|CUSTOM|CUSTOM|BARCODE|CUSTOM|CUSTOM,NONE,NO_ITEMS,MIDDLE,LEFT,CRUMPLED_1,LEFT,7
JOZY-Receipt,JOZY Receipt,RECEIPTIONAL_RECEIPT,TOP,TOP,EMPTY,NONE,NONE,HEADER|CUSTOM|DATE|CUSTOM|CUSTOM|CUSTOM,NONE,NO_ITEMS,NONE,LEFT,CRUMPLED_1,LEFT,6
JUSTUDIOS-Concept-Receipt,JUSTUDIOS Concept Receipt,MERCHANT_COPY,TOP,TOP,DASHES,DASHES,NONE,HEADER|CUSTOM|ITEMS|CUSTOM|ITEMS|BARCODE|CUSTOM|CUSTOM,ITEM,ABSENT,MIDDLE,LEFT,CRUMPLED_1,CENTER,8
JW-Marriott-Receipt,JW Marriott Receipt,MERCHANT_COPY,TOP,NONE,DASHES,NONE,NONE,HEADER|CUSTOM|CUSTOM|CUSTOM|CUSTOM|ITEMS,ITEM,ABSENT,NONE,LEFT,CRUMPLED_1,CENTER,6
JYSK-Receipt,JYSK Receipt,MERCHANT_COPY,TOP,TOP,NONE,DASHES,NONE,HEADER|CUSTOM|ITEMS|CUSTOM|ITEMS|ITEMS|ITEMS|BARCODE,ITEM,ABSENT,BOTTOM,LEFT,CRUMPLED_1,CENTER,8
Jack-in-the-Box-Receipt,Jack in the Box Receipt,MERCHANT_COPY,TOP,TOP,DASHES,NONE,NONE,HEADER|ITEMS|CUSTOM|CUSTOM|CUSTOM|CUSTOM|CUSTOM|ITEMS|CUSTOM,ITEM,ABSENT,NONE,LEFT,CRUMPLED_1,CENTER,9
Jagavis-Kritunga-Receipt,Jagavis Kritunga Receipt,MERCHANT_COPY,TOP,NONE,DASHES,DASHES,NONE,HEADER|CUSTOM|CUSTOM|CUSTOM|ITEMS|ITEMS|ITEMS|CUSTOM,ITEM,ABSENT,NONE,LEFT,CRUMPLED_1,CENTER,8
Jamba-Juice-Receipt,Jamba Juice Receipt,MERCHANT_COPY,TOP,TOP,DASHES,DASHES,NONE,HEADER|CUSTOM|ITEMS|ITEMS|CUSTOM|BARCODE|CUSTOM,ITEM,PRESENT,MIDDLE,LEFT,CRUMPLED_1,CENTER,7
Jamba-Receipt,Jamba Receipt,MERCHANT_COPY,TOP,TOP,NONE,NONE,NONE,HEADER|ITEMS|ITEMS|ITEMS|ITEMS|BARCODE|CUSTOM|CUSTOM,ITEM,ABSENT,MIDDLE,LEFT,CRUMPLED_1,CENTER,8
Jay-Jays-Receipt,Jay Jays Receipt,RECEIPTIONAL_RECEIPT,TOP,TOP,DASHES,NONE,NONE,HEADER|CUSTOM|RESTAURANT|CUSTOM|ITEMS|ITEMS|CUSTOM,ITEM,ABSENT,NONE,LEFT,CRUMPLED_1,CENTER,7
Jensens-Bofhus-Receipt,Jensens Bøfhus Receipt,MERCHANT_COPY,TOP,NONE,DASHES,NONE,NONE,HEADER|CUSTOM|CUSTOM|ITEMS|CUSTOM|CUSTOM|CUSTOM,ITEM,ABSENT,NONE,LEFT,CRUMPLED_1,CENTER,7
Jersey-Mike's-Subs-Receipt,Jersey Mike's Subs Receipt,MERCHANT_COPY,TOP,NONE,EMPTY,NONE,NONE,HEADER|CUSTOM|CUSTOM,NONE,NO_ITEMS,NONE,LEFT,CRUMPLED_1,CENTER,3
Jewelry-Receipt,Jewelry Receipt,MERCHANT_COPY,TOP,TOP,DASHES,DASHES,PERCENT_50,HEADER|BARCODE|DATE|ITEMS|PAYMENT|CUSTOM,ITEM>SUBTOTAL>TAX>TOTAL>TENDER>META>AUTH,PRESENT,MIDDLE,LEFT,CRUMPLED_1,CENTER,6
Jhoots-Pharmacy-Receipt,Jhoots Pharmacy Receipt,MERCHANT_COPY,TOP,TOP,NONE,DASHES,NONE,HEADER|CUSTOM|ITEMS|CUSTOM|ITEMS,ITEM,ABSENT,NONE,LEFT,CRUMPLED_1,CENTER,5
Jimmy-John's-Receipt,Jimmy John's Receipt,MERCHANT_COPY,TOP,TOP,DASHES,DASHES,NONE,HEADER|CUSTOM|ITEMS|ITEMS|CUSTOM,ITEM>SUBTOTAL>TAX>TOTAL,ABSENT,NONE,LEFT,CRUMPLED_1,CENTER,5
Joe's-Kansas-City-Bar-B-Que-Receipt,Joe’s Kansas City Bar-B-Que Receipt,MERCHANT_COPY,TOP,TOP,EQUALS,EQUALS,PERCENT_50,HEADER|CUSTOM|ITEMS|CUSTOM|DATE,ITEM>SUBTOTAL>TAX>TOTAL,PRESENT,NONE,LEFT,CRUMPLED_1,CENTER,5
John-Lewis-Concession-Receipt,John Lewis Concession Receipt,MERCHANT_COPY,TOP,TOP,NONE,NONE,NONE,HEADER|CUSTOM|ITEMS|CUSTOM|ITEMS|CUSTOM|CUSTOM|ITEMS|BARCODE|CUSTOM,ITEM,ABSENT,MIDDLE,LEFT,CRUMPLED_1,CENTER,10
Jollibee-Receipt,Jollibee Receipt,MERCHANT_COPY,TOP,TOP,STARS,DASHES,PERCENT_10,HEADER|DATE|CUSTOM|CUSTOM|ITEMS|PAYMENT|CUSTOM,ITEM>SUBTOTAL>TAX>TOTAL>TENDER>META>AUTH,PRESENT,NONE,LEFT,CRUMPLED_1,CENTER,7
Jolly-Badger-Harvester-Receipt,Jolly Badger Harvester Receipt,MERCHANT_COPY,TOP,NONE,NONE,DASHES,NONE,HEADER|ITEMS|ITEMS|ITEMS|CUSTOM,ITEM,PRESENT,NONE,LEFT,CRUMPLED_1,CENTER,5
Joma-Bakery-Cafe-In-Store-Receipt,Joma Bakery Café - In-Store Receipt,MERCHANT_COPY,TOP,TOP,DASHES,DASHES,NONE,HEADER|RESTAURANT|ITEMS|PAYMENT|CUSTOM|CUSTOM,META>ITEM>TOTAL>TAX>TENDER>CHANGE,PRESENT,NONE,LEFT,CRUMPLED_1,CENTER,6
Jose-Chiquito-Restaurant-Receipt,Jose Chiquito Restaurant Receipt,MERCHANT_COPY,TOP,NONE,DASHES,DASHES,NONE,HEADER|CUSTOM|ITEMS|ITEMS|ITEMS|CUSTOM,ITEM,ABSENT,NONE,LEFT,CRUMPLED_1,CENTER,6
Journey-Cocktailbar-Receipt,Journey Cocktailbar Receipt,MERCHANT_COPY,TOP,TOP,EMPTY,NONE,NONE,HEADER|CUSTOM|CUSTOM|CUSTOM,NONE,NO_ITEMS,NONE,LEFT,CRUMPLED_1,LEFT,4
Journeys-Kidz-Receipt,Journeys Kidz Receipt,MERCHANT_COPY,TOP,TOP,EMPTY,NONE,NONE,HEADER|CUSTOM|CUSTOM|BARCODE|CUSTOM|CUSTOM,NONE,NO_ITEMS,MIDDLE,LEFT,CRUMPLED_1,CENTER,6
Journeys-Receipt,Journeys Receipt,MERCHANT_COPY,TOP,TOP,EMPTY,EMPTY,NONE,HEADER|DATE|ITEMS|CUSTOM|CUSTOM|BARCODE|CUSTOM,ITEM>SUBTOTAL>TAX>TOTAL,ABSENT,MIDDLE,LEFT,CRUMPLED_1,CENTER,7
Jumbo-Supermarkets-Receipt,Jumbo Supermarkets Receipt,MERCHANT_COPY,TOP,TOP,DASHES,DASHES,NONE,HEADER|CUSTOM|ITEMS|ITEMS|CUSTOM,ITEM,ABSENT,NONE,LEFT,CRUMPLED_1,CENTER,5
Jus-Antara-Receipt,Jus Antara Receipt,MERCHANT_COPY,TOP,TOP,DASHES,DASHES,NONE,HEADER|CUSTOM|ITEMS|ITEMS|CUSTOM,ITEM>SUBTOTAL>TOTAL>TENDER,ABSENT,NONE,LEFT,CRUMPLED_1,CENTER,5
Just-Eat-Delivery-Receipt,Just Eat Delivery Receipt,MERCHANT_COPY,TOP,TOP,DASHES,DASHES,NONE,HEADER|CUSTOM|ITEMS|ITEMS|CUSTOM|CUSTOM,ITEM,PRESENT,NONE,LEFT,CRUMPLED_1,CENTER,6
KFC-Kentucky-Receipt,KFC Kentucky Receipt,MERCHANT_COPY,TOP,TOP,NONE,NONE,NONE,HEADER|ITEMS|BARCODE|CUSTOM,ITEM,ABSENT,MIDDLE,LEFT,CRUMPLED_1,CENTER,4
Kansas-Driver's-License-Receipt,Kansas Driver's License Receipt,MERCHANT_COPY,TOP,NONE,DASHES,NONE,NONE,HEADER|CUSTOM|ITEMS|CUSTOM|ITEMS|CUSTOM|CUSTOM,ITEM,ABSENT,NONE,LEFT,CRUMPLED_1,LEFT,7
Key-Food-Receipt,Key Food Receipt,MERCHANT_COPY,TOP,TOP,NONE,NONE,NONE,HEADER|CUSTOM|ITEMS|ITEMS|CUSTOM,ITEM>SUBTOTAL>TAX>TOTAL,ABSENT,NONE,LEFT,CRUMPLED_1,CENTER,5
Khadak-Receipt,Khadak Receipt,MERCHANT_COPY,TOP,TOP,NONE,DASHES,NONE,HEADER|ITEMS|CUSTOM|ITEMS|CUSTOM|CUSTOM|CUSTOM,ITEM,ABSENT,NONE,LEFT,CRUMPLED_1,CENTER,7
King-Soopers-Receipt,King Soopers Receipt,MERCHANT_COPY,TOP,TOP,EMPTY,NONE,PERCENT_10,HEADER|ITEMS|PAYMENT|CUSTOM|DATE|CUSTOM|CUSTOM,ITEM>TAX>TENDER>META>AUTH,PRESENT,NONE,LEFT,CRUMPLED_1,CENTER,7
Kinney-Drugs-Receipt,Kinney Drugs Receipt,MERCHANT_COPY,TOP,TOP,DASHES,DASHES,NONE,HEADER|CUSTOM|ITEMS|ITEMS|ITEMS|CUSTOM|CUSTOM,ITEM,ABSENT,NONE,LEFT,CRUMPLED_1,CENTER,7
Kmart-Receipt,Kmart Receipt,MERCHANT_COPY,TOP,TOP,EMPTY,NONE,NONE,HEADER|CUSTOM,NONE,NO_ITEMS,NONE,LEFT,CRUMPLED_1,CENTER,2
Koffee-Paradise-Receipt,Koffee Paradise Receipt,MERCHANT_COPY,TOP,TOP,NONE,NONE,NONE,HEADER|ITEMS|CUSTOM,ITEM,ABSENT,NONE,LEFT,CRUMPLED_1,CENTER,3
Krispy-Kreme-Receipt,Krispy Kreme Receipt,MERCHANT_COPY,TOP,NONE,EMPTY,EMPTY,NONE,HEADER|DATE|ITEMS|PAYMENT|CUSTOM,ITEM>SUBTOTAL>TAX>TOTAL>TENDER>CHANGE,PRESENT,NONE,LEFT,CRUMPLED_1,CENTER,5
Kroger-Receipt-example-Steak-Rice-Chex-Cheez-Its-Tide-Rescue-Laundry-Stain-and-BSN-with-4-more-items-totalling-dollar97.29,"Kroger Receipt example Steak, Rice Chex, Cheez-Its, Tide Rescue Laundry Stain, and BSN with 4 more items totalling $97.29",UNSET,TOP,TOP,EMPTY,NONE,PERCENT_10,HEADER|CUSTOM|ITEMS|PAYMENT|DATE|CUSTOM,ITEM>SUBTOTAL>TAX>TOTAL>TENDER>CHANGE,PRESENT,NONE,UNSET,UNSET,CENTER,6
Kroger-Receipt-example-with-Apple-Sauce-Ramen-Campho-Phenique-Liquid-and-9-more-items-totalling-99-dollars-9-cents,"Kroger Receipt example with Apple Sauce, Ramen, Campho-Phenique Liquid and 9 more items totalling 99 dollars 9 cents",UNSET,TOP,TOP,STARS,NONE,NONE,HEADER|CUSTOM|ITEMS|PAYMENT|DATE|CUSTOM,ITEM>TAX>TENDER>AUTH,PRESENT,NONE,UNSET,UNSET,CENTER,6
Kroger-Receipt-example-with-Google-Play-Card-for-200-dollars,Kroger Receipt example with Google Play Card for 200 dollars,UNSET,TOP,TOP,EMPTY,NONE,NONE,HEADER|CUSTOM|PAYMENT|ITEMS|DATE|CUSTOM|BARCODE,TENDER>META>AUTH>ITEM>SUBTOTAL>TAX>TOTAL,PRESENT,BOTTOM,UNSET,UNSET,CENTER,7
Kroger-Receipt-example-with-Tide-Rescue-Stain-Remover-Shabe-Wet-Cat-Food-and-1-more-item-totalling-dollar86.48,"Kroger Receipt example with Tide Rescue Stain Remover, Shabe Wet Cat Food and 1 more item totalling $86.48",UNSET,TOP,TOP,EMPTY,NONE,NONE,HEADER|CUSTOM|ITEMS|PAYMENT|DATE|CUSTOM,ITEM>SUBTOTAL>TAX>TOTAL>TENDER>CHANGE,PRESENT,NONE,UNSET,UNSET,CENTER,6
Kroger-Receipt,Kroger Receipt,UNSET,TOP,TOP,EMPTY,NONE,NONE,HEADER|CUSTOM|ITEMS|PAYMENT|DATE|CUSTOM,ITEM>SUBTOTAL>TAX>TOTAL>TENDER>CHANGE,PRESENT,NONE,UNSET,UNSET,CENTER,6
Kruidvat-Receipt,Kruidvat Receipt,MERCHANT_COPY,TOP,TOP,NONE,DASHES,NONE,HEADER|CUSTOM|ITEMS|CUSTOM|BARCODE|CUSTOM,ITEM,PRESENT,MIDDLE,LEFT,CRUMPLED_1,CENTER,6
Krystal-LaFollette-Receipt,Krystal LaFollette Receipt,MERCHANT_COPY,TOP,NONE,STARS,NONE,NONE,HEADER|PAYMENT|CUSTOM|CUSTOM|BARCODE,META>ITEM>TOTAL>TENDER,NO_ITEMS,BOTTOM,LEFT,CRUMPLED_1,CENTER,5
Kushiyu-Restaurant-Receipt,Kushiyu Restaurant Receipt,MERCHANT_COPY,TOP,TOP,DASHES,EQUALS,NONE,HEADER|DATE|ITEMS|CUSTOM,ITEM>SUBTOTAL>TAX>TOTAL,PRESENT,NONE,LEFT,CRUMPLED_1,CENTER,4
Kwik-Trip-Receipt,Kwik Trip Receipt,MERCHANT_COPY,TOP,TOP,DASHES,NONE,NONE,HEADER|CUSTOM|ITEMS|CUSTOM|CUSTOM|CUSTOM,ITEM>SUBTOTAL>TAX>TOTAL>META>CHANGE,ABSENT,NONE,LEFT,CRUMPLED_1,CENTER,6
LEON-Restaurant-Receipt,LEON Restaurant Receipt,MERCHANT_COPY,TOP,TOP,DASHES,NONE,NONE,HEADER|CUSTOM|CUSTOM|CUSTOM|ITEMS|CUSTOM|CUSTOM,ITEM,ABSENT,NONE,LEFT,CRUMPLED_1,CENTER,7
LIDL-Receipt,LIDL Receipt,MERCHANT_COPY,TOP,TOP,EMPTY,DASHES,NONE,HEADER|ITEMS|PAYMENT|CUSTOM|BARCODE|CUSTOM,ITEM>SUBTOTAL>TAX>TOTAL>TENDER>CHANGE,PRESENT,MIDDLE,LEFT,CRUMPLED_4,CENTER,6
LOTII-Bakehouse,LOTII Bakehouse,MERCHANT_COPY,TOP,TOP,DASHES,NONE,NONE,HEADER|ITEMS,ITEM>SUBTOTAL>TOTAL,ABSENT,NONE,LEFT,CRUMPLED_1,LEFT,2
La-Boite-a-Cafe-Receipt,La Boîte à Café Receipt,MERCHANT_COPY,TOP,TOP,DASHES,DASHES,NONE,HEADER|ITEMS|ITEMS|ITEMS|CUSTOM|CUSTOM,ITEM,PRESENT,NONE,LEFT,CRUMPLED_1,CENTER,6
La-Cabana-Venice-Receipt,La Cabaña Venice Receipt,MERCHANT_COPY,TOP,TOP,NONE,NONE,NONE,HEADER|CUSTOM|PAYMENT|CUSTOM,ITEM>SUBTOTAL>TAX>TOTAL>TENDER,NO_ITEMS,NONE,LEFT,CRUMPLED_1,CENTER,4
La-Rotonde-Receipt,La Rotonde Receipt,MERCHANT_COPY,TOP,TOP,NONE,NONE,NONE,HEADER|CUSTOM|ITEMS|CUSTOM|ITEMS|CUSTOM,ITEM,PRESENT,NONE,LEFT,CRUMPLED_1,CENTER,6
La-Taqueria-Receipt,La Taqueria Receipt,MERCHANT_COPY,TOP,TOP,NONE,NONE,NONE,HEADER|ITEMS|CUSTOM|ITEMS|CUSTOM|BARCODE|CUSTOM|CUSTOM,ITEM,ABSENT,MIDDLE,LEFT,CRUMPLED_1,CENTER,8
Labor-Receipt,Labor Receipt,MERCHANT_COPY,TOP,TOP,STARS,STARS,NONE,HEADER|CUSTOM|DATE|ITEMS|PAYMENT|BARCODE|CUSTOM,ITEM>SUBTOTAL>TAX>TOTAL>TENDER>META>AUTH,PRESENT,MIDDLE,LEFT,CRUMPLED_1,CENTER,7
Landscaping-Receipt,Landscaping Receipt,MERCHANT_COPY,TOP,TOP,COLONS,STARS,PERCENT_50,HEADER|CUSTOM|CUSTOM|ITEMS|PAYMENT|CUSTOM|BARCODE|DATE,ITEM>SUBTOTAL>TAX>TOTAL>TENDER>META>AUTH,PRESENT,MIDDLE,LEFT,CRUMPLED_1,CENTER,8
Laos-in-Town-Receipt,Laos in Town Receipt,MERCHANT_COPY,TOP,NONE,NONE,DASHES,NONE,HEADER|ITEMS|ITEMS|ITEMS|CUSTOM,ITEM>TOTAL>TIP,PRESENT,NONE,LEFT,CRUMPLED_1,CENTER,5
Las-Iguanas-Receipt,Las Iguanas Receipt,MERCHANT_COPY,TOP,TOP,NONE,DASHES,NONE,HEADER|ITEMS|CUSTOM|ITEMS|CUSTOM,ITEM,PRESENT,NONE,LEFT,CRUMPLED_1,CENTER,5
Law-Firm-Receipt,Law Firm Receipt,MERCHANT_COPY,TOP,TOP,COLONS,NONE,PERCENT_10,HEADER|CUSTOM|BARCODE|CUSTOM|ITEMS|PAYMENT|CUSTOM|DATE,ITEM>SUBTOTAL>TAX>TOTAL>TENDER>META>AUTH,PRESENT,MIDDLE,LEFT,CRUMPLED_1,CENTER,8
Lawyer-Receipt,Lawyer Receipt,MERCHANT_COPY,TOP,TOP,STARS,DOTS,NONE,HEADER|CUSTOM|CUSTOM|ITEMS|PAYMENT|CUSTOM|DATE|BARCODE,ITEM>SUBTOTAL>TAX>TOTAL>TENDER>META>AUTH,PRESENT,BOTTOM,LEFT,CRUMPLED_1,CENTER,8
Le-Dome-Receipt,Le Dôme Receipt,MERCHANT_COPY,TOP,NONE,NONE,NONE,NONE,HEADER|CUSTOM|ITEMS|CUSTOM|CUSTOM,ITEM,ABSENT,NONE,LEFT,CRUMPLED_1,CENTER,5
Le-Madrigal-Restaurant-Receipt,Le Madrigal Restaurant Receipt,MERCHANT_COPY,TOP,TOP,NONE,DASHES,NONE,HEADER|ITEMS|ITEMS|ITEMS|CUSTOM,ITEM,PRESENT,NONE,LEFT,CRUMPLED_1,CENTER,5
Le-Pain-Quotidien-Receipt,Le Pain Quotidien Receipt,MERCHANT_COPY,TOP,TOP,DASHES,DASHES,NONE,HEADER|CUSTOM|ITEMS|ITEMS|ITEMS|CUSTOM,ITEM,PRESENT,NONE,LEFT,CRUMPLED_1,CENTER,6
Le-Saint-Flo-Restaurant-Receipt,Le Saint Flo Restaurant Receipt,MERCHANT_COPY,TOP,NONE,DASHES,DASHES,NONE,HEADER|CUSTOM|ITEMS|ITEMS|ITEMS|CUSTOM,ITEM,PRESENT,NONE,LEFT,CRUMPLED_1,CENTER,6
Leroy-Restaurant-Receipt,Leroy Restaurant Receipt,MERCHANT_COPY,TOP,TOP,NONE,NONE,NONE,HEADER|ITEMS|CUSTOM,ITEM,ABSENT,NONE,LEFT,CRUMPLED_1,LEFT,3
Levi's-Receipt,Levi’s Receipt,MERCHANT_COPY,TOP,TOP,EMPTY,NONE,NONE,HEADER|DATE|CUSTOM|CUSTOM|CUSTOM|BARCODE|CUSTOM,NONE,NO_ITEMS,MIDDLE,LEFT,CRUMPLED_1,CENTER,7
Lightly-Used-Books-Receipt,Lightly Used Books Receipt,MERCHANT_COPY,TOP,NONE,NONE,DASHES,NONE,HEADER|CUSTOM|ITEMS|CUSTOM,ITEM,ABSENT,NONE,LEFT,CRUMPLED_1,CENTER,4
Little-Caesars-Receipt,Little Caesars Receipt,MERCHANT_COPY,TOP,NONE,EMPTY,EMPTY,PERCENT_75,HEADER|CUSTOM|DATE|CUSTOM|ITEMS|PAYMENT,ITEM>TAX>TOTAL>TENDER>META>AUTH,PRESENT,NONE,LEFT,CRUMPLED_1,CENTER,6
Little-Fatty-Receipt,Little Fatty Receipt,MERCHANT_COPY,TOP,TOP,NONE,DASHES,NONE,HEADER|ITEMS|CUSTOM,ITEM,ABSENT,NONE,LEFT,CRUMPLED_1,CENTER,3
Locksmith-Receipt,Locksmith Receipt,MERCHANT_COPY,TOP,TOP,EMPTY,DOTS,PERCENT_10,HEADER|BARCODE|CUSTOM|ITEMS|PAYMENT|CUSTOM|DATE,ITEM>SUBTOTAL>TAX>TOTAL>TENDER>META>AUTH,PRESENT,MIDDLE,LEFT,CRUMPLED_1,CENTER,7
Londis-Receipt,Londis Receipt,MERCHANT_COPY,TOP,TOP,NONE,DASHES,NONE,HEADER|ITEMS|ITEMS|CUSTOM|CUSTOM,ITEM,ABSENT,NONE,LEFT,CRUMPLED_1,CENTER,5
London-Drugs-Receipt,London Drugs Receipt,MERCHANT_COPY,TOP,TOP,EMPTY,EMPTY,NONE,HEADER|CUSTOM|ITEMS|PAYMENT|CUSTOM|CUSTOM|CUSTOM,ITEM>SUBTOTAL>TAX>TOTAL>TENDER>CHANGE,PRESENT,NONE,LEFT,CRUMPLED_1,CENTER,7
LongHorn-Steakhouse-Receipt,LongHorn Steakhouse Receipt,MERCHANT_COPY,TOP,NONE,DASHES,NONE,NONE,HEADER|CUSTOM|CUSTOM|CUSTOM|CUSTOM|CUSTOM|CUSTOM|CUSTOM,NONE,NO_ITEMS,NONE,LEFT,CRUMPLED_1,CENTER,8
Louis-Vuitton-Receipt,Louis Vuitton Receipt,MERCHANT_COPY,TOP,TOP,EMPTY,NONE,PERCENT_10,HEADER|CUSTOM|ITEMS|PAYMENT|CUSTOM|BARCODE,ITEM>SUBTOTAL>TAX>TOTAL>TENDER>META>AUTH,PRESENT,BOTTOM,LEFT,CRUMPLED_1,CENTER,6
Love's-Travel-Stop-Receipt,Love's Travel Stop Receipt,MERCHANT_COPY,TOP,TOP,DASHES,DASHES,NONE,HEADER|CUSTOM|CUSTOM|CUSTOM|ITEMS|ITEMS|ITEMS|ITEMS|CUSTOM|ITEMS,ITEM,ABSENT,NONE,LEFT,CRUMPLED_1,CENTER,10
Lowe's-Receipt-example-with-LED-A19-E26-DL-40W-4PK-FRSH-PLANT-FERN-and-1-more-items-totalling-38-dollars-69-cents,"Lowe's Receipt example with LED A19 E26 DL 40W 4PK, FRSH PLANT FERN and 1 more items totalling 38 dollars 69 cents",UNSET,TOP,TOP,DASHES,NONE,NONE,HEADER|CUSTOM|ITEMS|PAYMENT|DATE|CUSTOM,ITEM>SUBTOTAL>TAX>TOTAL>TENDER>CHANGE,PRESENT,NONE,UNSET,UNSET,CENTER,6
Lowe's-Receipt,Lowe's Receipt,MERCHANT_COPY,TOP,TOP,EMPTY,NONE,NONE,HEADER|CUSTOM|ITEMS|CUSTOM|BARCODE|CUSTOM,ITEM>SUBTOTAL>TAX>TOTAL,PRESENT,MIDDLE,LEFT,CRUMPLED_1,CENTER,6
Lucky-Receipt,Lucky Receipt,MERCHANT_COPY,TOP,TOP,NONE,NONE,NONE,HEADER|ITEMS|ITEMS|ITEMS|CUSTOM,ITEM,ABSENT,NONE,LEFT,CRUMPLED_1,CENTER,5
Lululemon-Receipt,Lululemon Receipt,MERCHANT_COPY,TOP,TOP,DASHES,NONE,NONE,HEADER|CUSTOM|CUSTOM|CUSTOM,NONE,NO_ITEMS,NONE,LEFT,CRUMPLED_1,LEFT,4
Lush-Receipt,Lush Receipt,FAKE_RECEIPT,TOP,TOP,EMPTY,NONE,NONE,HEADER|CUSTOM|CUSTOM|CUSTOM|BARCODE|CUSTOM|CUSTOM,NONE,NO_ITEMS,MIDDLE,LEFT,CRUMPLED_1,CENTER,7
Luxury-Brand-Receipt,Luxury Brand Receipt,MERCHANT_COPY,TOP,TOP,EMPTY,EMPTY,PERCENT_20,HEADER|CUSTOM|CUSTOM|ITEMS|PAYMENT|CUSTOM|BARCODE,ITEM>SUBTOTAL>TAX>TOTAL>TENDER>META>AUTH,PRESENT,BOTTOM,LEFT,CRUMPLED_1,CENTER,7
Lyft-Receipt,Lyft Receipt,MERCHANT_COPY,TOP,TOP,EMPTY,NONE,NONE,HEADER|DATE|CUSTOM|ITEMS|PAYMENT|CUSTOM|CUSTOM,ITEM>SUBTOTAL>TIP>TOTAL>TENDER>META>AUTH,ABSENT,NONE,LEFT,CRUMPLED_1,CENTER,7
Lynn-Valley-AandW-Receipt,Lynn Valley A&W Receipt,MERCHANT_COPY,MIDDLE,MIDDLE,DASHES,DASHES,NONE,CUSTOM|HEADER|ITEMS|CUSTOM|ITEMS|CUSTOM,ITEM>SUBTOTAL>TAX,ABSENT,NONE,LEFT,CRUMPLED_1,CENTER,6
MIDAS-Shoes-Receipt,MIDAS Shoes Receipt,MERCHANT_COPY,TOP,TOP,DASHES,DASHES,NONE,HEADER|CUSTOM|BARCODE|CUSTOM|ITEMS|CUSTOM|ITEMS|CUSTOM|CUSTOM|CUSTOM|ITEMS|CUSTOM,ITEM,ABSENT,MIDDLE,LEFT,CRUMPLED_1,CENTER,12
MIU-MIU-Receipt,MIU MIU Receipt,MERCHANT_COPY,TOP,TOP,DASHES,NONE,NONE,HEADER|CUSTOM|CUSTOM|CUSTOM|CUSTOM|CUSTOM|CUSTOM,NONE,NO_ITEMS,NONE,LEFT,CRUMPLED_1,CENTER,7
MOD-Pizza-Receipt,MOD Pizza Receipt,MERCHANT_COPY,TOP,TOP,DASHES,NONE,NONE,HEADER|ITEMS|ITEMS|CUSTOM|CUSTOM,ITEM,ABSENT,NONE,LEFT,CRUMPLED_1,CENTER,5
MUJI-Retail-Receipt,MUJI Retail Receipt,MERCHANT_COPY,TOP,TOP,NONE,NONE,NONE,HEADER|ITEMS|CUSTOM|BARCODE|CUSTOM,ITEM,ABSENT,MIDDLE,LEFT,CRUMPLED_1,CENTER,5
Macy's-Receipt,Macy’s Receipt,MERCHANT_COPY,TOP,NONE,DASHES,NONE,NONE,HEADER|BARCODE|CUSTOM|CUSTOM|ITEMS|CUSTOM|CUSTOM|CUSTOM|CUSTOM,ITEM,ABSENT,MIDDLE,LEFT,CRUMPLED_1,CENTER,9
Mama-Joyce's-Soul-Food-Receipt,Mama Joyce’s Soul Food Receipt,MERCHANT_COPY,TOP,TOP,NONE,NONE,NONE,HEADER|CUSTOM|CUSTOM|ITEMS|ITEMS|ITEMS|BARCODE|CUSTOM|CUSTOM|CUSTOM,ITEM,PRESENT,MIDDLE,LEFT,CRUMPLED_1,CENTER,10
Mamacita-Receipt,Mamacita Receipt,MERCHANT_COPY,TOP,TOP,DASHES,NONE,NONE,HEADER|CUSTOM|ITEMS|CUSTOM,ITEM,ABSENT,NONE,LEFT,CRUMPLED_1,CENTER,4
Marble-Slab-Creamery-Receipt,Marble Slab Creamery Receipt,MERCHANT_COPY,TOP,NONE,DASHES,DASHES,NONE,HEADER|ITEMS|ITEMS|ITEMS|CUSTOM,ITEM,ABSENT,NONE,LEFT,CRUMPLED_1,CENTER,5
Marco's-Pizza-Receipt,Marco's Pizza Receipt,MERCHANT_COPY,TOP,TOP,NONE,DASHES,NONE,HEADER|CUSTOM|ITEMS|ITEMS|CUSTOM,ITEM>TOTAL>TAX>TIP>TENDER,ABSENT,NONE,LEFT,CRUMPLED_1,CENTER,5
Mariano's-Receipt,Mariano's Receipt,MERCHANT_COPY,TOP,TOP,NONE,NONE,NONE,HEADER|ITEMS|CUSTOM|ITEMS|ITEMS|CUSTOM,ITEM>TENDER>CHANGE,PRESENT,NONE,LEFT,CRUMPLED_1,CENTER,6
Marigold-Restaurant-Receipt,Marigold Restaurant Receipt,MERCHANT_COPY,TOP,TOP,DASHES,NONE,NONE,HEADER|CUSTOM|CUSTOM|CUSTOM|ITEMS|CUSTOM|ITEMS|CUSTOM|CUSTOM,ITEM,PRESENT,NONE,LEFT,CRUMPLED_1,CENTER,9
Market-Basket-Receipt,Market Basket Receipt,MERCHANT_COPY,TOP,TOP,EMPTY,EMPTY,NONE,HEADER|DATE|ITEMS|PAYMENT|CUSTOM,ITEM>SUBTOTAL>TAX>TOTAL>TENDER>CHANGE,PRESENT,NONE,LEFT,CRUMPLED_4,CENTER,5
Marks-and-Spencer-(MandS)-Receipt,Marks & Spencer (M&S) Receipt,MERCHANT_COPY,TOP,TOP,STARS,STARS,NONE,HEADER|ITEMS|CUSTOM|CUSTOM|CUSTOM|CUSTOM,ITEM>DISCOUNT>TENDER,PRESENT,NONE,LEFT,CRUMPLED_1,CENTER,6
Marks-and-Spencer-Receipt,Marks & Spencer Receipt,MERCHANT_COPY,TOP,TOP,NONE,NONE,NONE,HEADER|CUSTOM|ITEMS|CUSTOM|CUSTOM|BARCODE|CUSTOM,ITEM,ABSENT,MIDDLE,LEFT,CRUMPLED_1,CENTER,7
Marsano-Receipt,Marsano Receipt,MERCHANT_COPY,TOP,TOP,NONE,DASHES,NONE,HEADER|CUSTOM|ITEMS|ITEMS|CUSTOM,ITEM,ABSENT,NONE,LEFT,CRUMPLED_1,CENTER,5
Marshalls-Receipt,Marshalls Receipt,MERCHANT_COPY,TOP,TOP,DASHES,NONE,NONE,HEADER|CUSTOM|CUSTOM|CUSTOM|CUSTOM|CUSTOM|CUSTOM|CUSTOM|BARCODE|CUSTOM|CUSTOM|CUSTOM,NONE,NO_ITEMS,MIDDLE,LEFT,CRUMPLED_1,CENTER,12
Martinho-Optica-(Ourivesaria)-Receipt,Martinho Óptica (Ourivesaria) Receipt,FAKE_RECEIPT,TOP,TOP,EMPTY,EMPTY,PERCENT_10,HEADER|ITEMS|HEADER|CUSTOM|CUSTOM,ITEM>TOTAL,PRESENT,NONE,RIGHT,CRUMPLED_1,CENTER,5
Massage-Receipt,Massage Receipt,MERCHANT_COPY,TOP,TOP,DASHES,DASHES,PERCENT_50,HEADER|BARCODE|DATE|ITEMS|PAYMENT|CUSTOM,ITEM>SUBTOTAL>TAX>TOTAL>TENDER>META>AUTH,PRESENT,MIDDLE,LEFT,CRUMPLED_1,CENTER,6
Masters-Receipt,Masters Receipt,MERCHANT_COPY,MIDDLE,MIDDLE,EMPTY,NONE,NONE,CUSTOM|HEADER|CUSTOM|CUSTOM|BARCODE|CUSTOM,NONE,NO_ITEMS,MIDDLE,LEFT,CRUMPLED_1,CENTER,6
Matjeom-Central-Market-Receipt,Matjeom Central Market Receipt,MERCHANT_COPY,TOP,BOTTOM,EQUALS,DASHES,NONE,HEADER|CUSTOM|CUSTOM|ITEMS|ITEMS|ITEMS|CUSTOM|HEADER,ITEM,ABSENT,NONE,LEFT,CRUMPLED_1,CENTER,8
Maverik-Receipt,Maverik Receipt,MERCHANT_COPY,TOP,TOP,DASHES,NONE,NONE,HEADER|CUSTOM|ITEMS|ITEMS|ITEMS|CUSTOM|CUSTOM|BARCODE|CUSTOM,ITEM>SUBTOTAL>TAX>TOTAL,PRESENT,MIDDLE,LEFT,CRUMPLED_1,CENTER,9
Max-Burger-Receipt,Max Burger Receipt,MERCHANT_COPY,TOP,TOP,DASHES,NONE,NONE,HEADER|ITEMS|CUSTOM|CUSTOM,ITEM,PRESENT,NONE,LEFT,CRUMPLED_1,CENTER,4
Mazzio's-Receipt,Mazzio's Receipt,MERCHANT_COPY,TOP,TOP,EMPTY,EMPTY,NONE,HEADER|DATE|ITEMS|PAYMENT|CUSTOM|CUSTOM,ITEM>SUBTOTAL>TAX>TOTAL>TENDER>CHANGE,ABSENT,NONE,LEFT,CRUMPLED_1,CENTER,6
McDonald's-Germany-Receipt,McDonald's Germany Receipt,MERCHANT_COPY,TOP,TOP,NONE,NONE,NONE,HEADER|ITEMS|CUSTOM|CUSTOM,ITEM,ABSENT,NONE,LEFT,CRUMPLED_1,CENTER,4
McDonald's-Receipt,McDonald's Receipt,MERCHANT_COPY,TOP,TOP,EMPTY,EMPTY,NONE,HEADER|CUSTOM|ITEMS|PAYMENT|CUSTOM,ITEM>SUBTOTAL>TAX>TOTAL>TENDER>META>AUTH,PRESENT,NONE,LEFT,CRUMPLED_1,CENTER,5
McPhee's-Butcher-Block-Receipt,McPhee's Butcher Block Receipt,MERCHANT_COPY,TOP,TOP,NONE,DASHES,NONE,HEADER|CUSTOM|ITEMS|CUSTOM|CUSTOM,ITEM,ABSENT,NONE,LEFT,CRUMPLED_1,CENTER,5
Meat-Steak-Receipt,Meat Steak Receipt,MERCHANT_COPY,TOP,TOP,DASHES,DASHES,NONE,HEADER|CUSTOM|ITEMS|ITEMS|CUSTOM,ITEM,ABSENT,NONE,LEFT,CRUMPLED_1,CENTER,5
Mechanic-Receipt,Mechanic Receipt,MERCHANT_COPY,TOP,TOP,DASHES,DASHES,NONE,HEADER|CUSTOM|CUSTOM|ITEMS|PAYMENT|CUSTOM|CUSTOM|BARCODE|DATE,ITEM>SUBTOTAL>TAX>TOTAL>TENDER>META>AUTH,PRESENT,MIDDLE,LEFT,CRUMPLED_1,CENTER,9
Mechanic-Shop-Receipt,Mechanic Shop Receipt,MERCHANT_COPY,TOP,TOP,STARS,STARS,NONE,HEADER|CUSTOM|CUSTOM|ITEMS|PAYMENT|BARCODE|CUSTOM|CUSTOM|DATE,ITEM>SUBTOTAL>TAX>TOTAL>TENDER>META>AUTH,PRESENT,MIDDLE,LEFT,CRUMPLED_1,CENTER,9
MedPlus-Pharmacy-Receipt,MedPlus Pharmacy Receipt,MERCHANT_COPY,TOP,TOP,EQUALS,NONE,NONE,HEADER|CUSTOM|PAYMENT|PAYMENT|CUSTOM,ITEM,NO_ITEMS,NONE,LEFT,CRUMPLED_1,CENTER,5
Media-Markt-Receipt,Media Markt Receipt,MERCHANT_COPY,TOP,TOP,DASHES,NONE,NONE,HEADER|ITEMS|CUSTOM|CUSTOM|BARCODE|CUSTOM,ITEM,ABSENT,MIDDLE,LEFT,CRUMPLED_1,CENTER,6
Medical-Receipt,Medical Receipt,MERCHANT_COPY,TOP,TOP,COLONS,DASHES,NONE,HEADER|CUSTOM|CUSTOM|ITEMS|PAYMENT|CUSTOM|DATE|BARCODE,ITEM>SUBTOTAL>TAX>TOTAL>TENDER>META>AUTH,PRESENT,BOTTOM,LEFT,CRUMPLED_1,CENTER,8
Medicine-Receipt,Medicine Receipt,MERCHANT_COPY,TOP,TOP,DASHES,DASHES,PERCENT_100,HEADER|CUSTOM|DATE|ITEMS|BARCODE|PAYMENT|CUSTOM,ITEM>SUBTOTAL>TAX>TOTAL>TENDER>META>AUTH,PRESENT,MIDDLE,LEFT,CRUMPLED_1,CENTER,7
Mediterraneo-Cucina-Italiana-Receipt,Mediterraneo Cucina Italiana Receipt,MERCHANT_COPY,TOP,TOP,DASHES,EMPTY,NONE,HEADER|DATE|ITEMS|BARCODE,ITEM>SUBTOTAL>TAX>TIP>TOTAL,PRESENT,BOTTOM,LEFT,CRUMPLED_1,CENTER,4
Meijer-Receipt,Meijer Receipt,MERCHANT_COPY,TOP,TOP,NONE,NONE,NONE,HEADER|CUSTOM|CUSTOM|ITEMS|ITEMS|CUSTOM|BARCODE|CUSTOM|CUSTOM,ITEM>TAX>TOTAL>TENDER>CHANGE,ABSENT,MIDDLE,LEFT,CRUMPLED_1,CENTER,9
Menards-Receipt,Menards Receipt,MERCHANT_COPY,TOP,TOP,EMPTY,NONE,NONE,HEADER|BARCODE|CUSTOM|CUSTOM|CUSTOM,NONE,NO_ITEMS,MIDDLE,LEFT,CRUMPLED_1,CENTER,5
Mentone-BCF-Receipt,Mentone BCF Receipt,MERCHANT_COPY,TOP,TOP,DASHES,DASHES,NONE,HEADER|CUSTOM|CUSTOM|ITEMS|ITEMS|ITEMS|CUSTOM,ITEM,ABSENT,NONE,LEFT,CRUMPLED_1,CENTER,7
Mercadona-Delivery-Receipt,Mercadona Delivery Receipt,MERCHANT_COPY,TOP,NONE,DASHES,NONE,NONE,HEADER|BARCODE|CUSTOM|CUSTOM|CUSTOM|CUSTOM|CUSTOM,NONE,NO_ITEMS,MIDDLE,LEFT,CRUMPLED_1,CENTER,7
Mercadona-Spain-Receipt,Mercadona Spain Receipt,MERCHANT_COPY,TOP,TOP,NONE,NONE,NONE,HEADER|BARCODE|ITEMS|CUSTOM,ITEM,PRESENT,MIDDLE,LEFT,CRUMPLED_1,CENTER,4
Metro-Diner-Receipt,Metro Diner Receipt,MERCHANT_COPY,TOP,TOP,DASHES,DASHES,NONE,HEADER|CUSTOM|CUSTOM|ITEMS|PAYMENT|CUSTOM,ITEM>SUBTOTAL>TAX>TOTAL>TENDER>CHANGE,PRESENT,NONE,LEFT,CRUMPLED_1,CENTER,6
Metro-Receipt,Metro Receipt,MERCHANT_COPY,TOP,TOP,EMPTY,EMPTY,NONE,HEADER|ITEMS|PAYMENT|CUSTOM|CUSTOM|CUSTOM,ITEM>SUBTOTAL>TAX>TOTAL>TENDER>CHANGE,PRESENT,NONE,LEFT,CRUMPLED_1,CENTER,6
Metropolitan-Market-Receipt,Metropolitan Market Receipt,MERCHANT_COPY,TOP,TOP,DASHES,NONE,NONE,HEADER|PAYMENT|CUSTOM|PAYMENT|PAYMENT|PAYMENT|BARCODE|CUSTOM,ITEM>TAX>TENDER>AUTH>CHANGE,NO_ITEMS,MIDDLE,LEFT,CRUMPLED_1,CENTER,8
Mexico-Lindo-Mexican-Restaurant-Receipt,Mexico Lindo Mexican Restaurant Receipt,MERCHANT_COPY,TOP,TOP,NONE,NONE,NONE,HEADER|CUSTOM|CUSTOM|ITEMS,ITEM,PRESENT,NONE,LEFT,CRUMPLED_1,CENTER,4
MiPOS-Tax-Receipt,MiPOS Tax Receipt,MERCHANT_COPY,TOP,TOP,DASHES,NONE,NONE,HEADER|ITEMS|ITEMS|CUSTOM,ITEM,ABSENT,NONE,LEFT,CRUMPLED_1,CENTER,4
Michael-Chell-Receipt,Michael Chell Receipt,MERCHANT_COPY,TOP,TOP,DASHES,NONE,NONE,HEADER|CUSTOM|CUSTOM|CUSTOM|CUSTOM|CUSTOM|BARCODE,NONE,NO_ITEMS,BOTTOM,LEFT,CRUMPLED_1,CENTER,7
Michaels-Craft-Store-Receipt,Michaels Craft Store Receipt,MERCHANT_COPY,TOP,TOP,EMPTY,NONE,NONE,HEADER|CUSTOM|CUSTOM|BARCODE|CUSTOM|CUSTOM,NONE,NO_ITEMS,MIDDLE,LEFT,CRUMPLED_1,CENTER,6
Michaels-Receipt,Michaels Receipt,MERCHANT_COPY,TOP,TOP,DASHES,NONE,NONE,HEADER|CUSTOM|BARCODE|CUSTOM|ITEMS|CUSTOM|CUSTOM|BARCODE,ITEM,ABSENT,MIDDLE,LEFT,CRUMPLED_1,CENTER,8
Micro-Center-Receipt,Micro Center Receipt,MERCHANT_COPY,TOP,NONE,NONE,NONE,NONE,HEADER|CUSTOM|CUSTOM|CUSTOM|ITEMS|ITEMS|ITEMS|CUSTOM,ITEM,PRESENT,NONE,LEFT,CRUMPLED_1,CENTER,8
Mie-Gacoan-Jambi-Mayang-Receipt,Mie Gacoan Jambi Mayang Receipt,MERCHANT_COPY,TOP,NONE,NONE,DASHES,NONE,HEADER|CUSTOM|ITEMS|CUSTOM,ITEM>SUBTOTAL>TOTAL>TENDER,ABSENT,NONE,LEFT,CRUMPLED_1,CENTER,4
Mie-Gacoan-Receipt,Mie Gacoan Receipt,MERCHANT_COPY,TOP,TOP,NONE,NONE,NONE,HEADER|CUSTOM|ITEMS|CUSTOM|CUSTOM|BARCODE,ITEM,ABSENT,BOTTOM,LEFT,CRUMPLED_1,CENTER,6
Milestones-Grill-+-Bar-Receipt,Milestones Grill + Bar Receipt,MERCHANT_COPY,TOP,TOP,DASHES,NONE,NONE,HEADER|CUSTOM|CUSTOM|ITEMS|CUSTOM,ITEM,PRESENT,NONE,LEFT,CRUMPLED_1,CENTER,5
Miller-and-Carter-Chigwell-Receipt,Miller & Carter Chigwell Receipt,MERCHANT_COPY,TOP,NONE,NONE,DASHES,NONE,HEADER|ITEMS|ITEMS|ITEMS|ITEMS|CUSTOM,ITEM,PRESENT,NONE,LEFT,CRUMPLED_1,CENTER,6
Modern-POS-Template,Modern POS Template,MERCHANT_COPY,TOP,TOP,DASHES,EMPTY,PERCENT_50,HEADER|DATE|CUSTOM|CUSTOM|ITEMS|PAYMENT|BARCODE|CUSTOM,ITEM>SUBTOTAL>TAX>TOTAL>TENDER>META>AUTH,PRESENT,MIDDLE,LEFT,CRUMPLED_1,CENTER,8
Moe's-Southwest-Grill-Receipt,Moe's Southwest Grill Receipt,MERCHANT_COPY,TOP,NONE,DASHES,DASHES,NONE,HEADER|CUSTOM|ITEMS|CUSTOM|ITEMS|CUSTOM|CUSTOM|CUSTOM,ITEM,ABSENT,NONE,LEFT,CRUMPLED_1,CENTER,8
Mojito-Receipt,Mojito Receipt,MERCHANT_COPY,TOP,TOP,DASHES,DASHES,NONE,HEADER|CUSTOM|ITEMS|ITEMS|ITEMS|ITEMS|ITEMS|CUSTOM,ITEM,ABSENT,NONE,LEFT,CRUMPLED_1,CENTER,8
Monona-Bakery-Receipt,Monona Bakery Receipt,MERCHANT_COPY,TOP,TOP,DASHES,DASHES,NONE,HEADER|CUSTOM|CUSTOM|CUSTOM|ITEMS|ITEMS|CUSTOM,ITEM,ABSENT,NONE,LEFT,CRUMPLED_1,LEFT,7
Monsoon-Restaurant-Receipt,Monsoon Restaurant Receipt,MERCHANT_COPY,TOP,TOP,DASHES,NONE,NONE,HEADER|CUSTOM|CUSTOM|ITEMS|ITEMS,ITEM,PRESENT,NONE,LEFT,CRUMPLED_1,CENTER,5
Montana's-BBQ-Bar-Receipt,Montana's BBQ Bar Receipt,MERCHANT_COPY,TOP,TOP,DASHES,DASHES,NONE,HEADER|CUSTOM|ITEMS|ITEMS|CUSTOM,ITEM,PRESENT,NONE,LEFT,CRUMPLED_1,CENTER,5
Montana's-Cookhouse-Receipt,Montana's Cookhouse Receipt,MERCHANT_COPY,TOP,TOP,DASHES,DASHES,NONE,HEADER|CUSTOM|ITEMS|ITEMS|ITEMS|CUSTOM,ITEM,PRESENT,NONE,LEFT,CRUMPLED_1,CENTER,6
Monthly-Parking-Receipt,Monthly Parking Receipt,MERCHANT_COPY,TOP,TOP,EMPTY,NONE,PERCENT_50,HEADER|CUSTOM|CUSTOM|ITEMS|PAYMENT|DATE|BARCODE|CUSTOM|CUSTOM,ITEM>SUBTOTAL>TAX>TOTAL>TENDER>META>AUTH,PRESENT,MIDDLE,LEFT,CRUMPLED_1,CENTER,9
Morrisons-Cafe-Receipt,Morrisons Café Receipt,MERCHANT_COPY,TOP,TOP,NONE,NONE,NONE,HEADER|RESTAURANT|ITEMS|CUSTOM|CUSTOM,ITEM>TENDER,NO_ITEMS,NONE,LEFT,CRUMPLED_1,CENTER,5
Morton-Williams-Receipt,Morton Williams Receipt,MERCHANT_COPY,TOP,TOP,NONE,NONE,NONE,HEADER|ITEMS|ITEMS|CUSTOM,ITEM>SUBTOTAL>TOTAL,ABSENT,NONE,LEFT,CRUMPLED_1,CENTER,4
Motel-6-Receipt,Motel 6 Receipt,MERCHANT_COPY,TOP,TOP,EQUALS,NONE,NONE,HEADER|CUSTOM|CUSTOM|CUSTOM|ITEMS|PAYMENT|CUSTOM|BARCODE|DATE,ITEM>SUBTOTAL>TAX>TOTAL>TENDER>META>AUTH,ABSENT,MIDDLE,LEFT,CRUMPLED_1,LEFT,9
Motel-Receipt,Motel Receipt,MERCHANT_COPY,TOP,TOP,EQUALS,NONE,NONE,HEADER|CUSTOM|DATE|CUSTOM|CUSTOM|CUSTOM|ITEMS|PAYMENT|CUSTOM|BARCODE,ITEM>SUBTOTAL>TAX>TOTAL>TENDER>META>AUTH,PRESENT,BOTTOM,LEFT,CRUMPLED_1,CENTER,10
Moving-Receipt,Moving Receipt,MERCHANT_COPY,TOP,TOP,COLONS,DASHES,NONE,HEADER|CUSTOM|ITEMS|PAYMENT|CUSTOM|DATE|BARCODE,ITEM>SUBTOTAL>TAX>TOTAL>TENDER>META>AUTH,PRESENT,BOTTOM,LEFT,CRUMPLED_1,CENTER,7
Moxie's-Grill-Bar-Receipt,Moxie's Grill Bar Receipt,MERCHANT_COPY,TOP,TOP,NONE,NONE,NONE,HEADER|ITEMS|ITEMS|CUSTOM,ITEM>SUBTOTAL>TAX,ABSENT,NONE,LEFT,CRUMPLED_1,CENTER,4
Moxies-Restaurant-Receipt,Moxies Restaurant Receipt,MERCHANT_COPY,TOP,TOP,NONE,NONE,NONE,HEADER|CUSTOM|ITEMS|CUSTOM|PAYMENT|ITEMS|CUSTOM,ITEM>SUBTOTAL>TAX,PRESENT,NONE,LEFT,CRUMPLED_1,CENTER,7
NAPA-Auto-Parts-Receipt,NAPA Auto Parts Receipt,MERCHANT_COPY,TOP,TOP,EMPTY,NONE,NONE,HEADER|DATE|CUSTOM|CUSTOM|CUSTOM,NONE,NO_ITEMS,NONE,LEFT,CRUMPLED_1,CENTER,5
NOMAD-Coffee-and-Bakery-Receipt,NOMAD Coffee & Bakery Receipt ,MERCHANT_COPY,TOP,TOP,DASHES,DASHES,NONE,HEADER|CUSTOM|ITEMS|PAYMENT|CUSTOM,ITEM>SUBTOTAL>TAX>TOTAL>TENDER>META>AUTH,PRESENT,NONE,LEFT,CRUMPLED_1,CENTER,5
NYC-Taxi-Receipt,NYC Taxi Receipt,MERCHANT_COPY,TOP,TOP,DASHES,NONE,PERCENT_20,HEADER|CUSTOM|DATE|CUSTOM|ITEMS|PAYMENT|CUSTOM,ITEM>SUBTOTAL>TOTAL>TENDER>CHANGE,ABSENT,NONE,LEFT,CRUMPLED_1,CENTER,7
Nando's-Receipt,Nando's Receipt,MERCHANT_COPY,TOP,TOP,DASHES,NONE,NONE,HEADER|CUSTOM|CUSTOM|ITEMS|CUSTOM,ITEM,PRESENT,NONE,LEFT,CRUMPLED_1,CENTER,5
Nando's-UK-Receipt,Nando's UK Receipt,MERCHANT_COPY,TOP,TOP,NONE,NONE,NONE,HEADER|ITEMS|CUSTOM,ITEM,ABSENT,NONE,LEFT,CRUMPLED_1,CENTER,3
Nanny-Receipt,Nanny Receipt,MERCHANT_COPY,TOP,TOP,DASHES,DOTS,NONE,HEADER|CUSTOM|DATE|CUSTOM|CUSTOM|ITEMS|PAYMENT|CUSTOM|BARCODE,ITEM>SUBTOTAL>TAX>TOTAL>TENDER>META>AUTH,PRESENT,BOTTOM,LEFT,CRUMPLED_1,CENTER,9
Natural-Grocers-Receipt,Natural Grocers Receipt,MERCHANT_COPY,TOP,TOP,EMPTY,EMPTY,NONE,HEADER|DATE|ITEMS|PAYMENT|CUSTOM,ITEM>SUBTOTAL>TAX>TOTAL>TENDER>CHANGE,PRESENT,NONE,LEFT,CRUMPLED_4,CENTER,5
Neiman-Marcus-Receipt,Neiman Marcus Receipt,MERCHANT_COPY,TOP,TOP,EMPTY,NONE,PERCENT_10,HEADER|ITEMS|CUSTOM|BARCODE,ITEM>SUBTOTAL>TOTAL,PRESENT,BOTTOM,LEFT,CRUMPLED_1,LEFT,4
Neosurf-Receipt,Neosurf Receipt,MERCHANT_COPY,TOP,TOP,DASHES,DASHES,NONE,HEADER|CUSTOM|ITEMS|CUSTOM|CUSTOM|CUSTOM,ITEM,ABSENT,NONE,LEFT,CRUMPLED_1,CENTER,6
Neste-Oil-K-market-Receipt,Neste Oil K-market Receipt,MERCHANT_COPY,TOP,NONE,NONE,NONE,NONE,HEADER|ITEMS|CUSTOM|BARCODE,ITEM,ABSENT,BOTTOM,LEFT,CRUMPLED_1,CENTER,4
Netto-Receipt,Netto Receipt,MERCHANT_COPY,TOP,TOP,NONE,NONE,NONE,HEADER|ITEMS|CUSTOM|CUSTOM,ITEM,ABSENT,NONE,LEFT,CRUMPLED_1,CENTER,4
New-Balance-Receipt,New Balance Receipt,MERCHANT_COPY,TOP,TOP,EMPTY,NONE,NONE,HEADER|CUSTOM|CUSTOM,NONE,NO_ITEMS,NONE,LEFT,CRUMPLED_1,CENTER,3
New-World-Albany-Receipt,New World Albany Receipt,MERCHANT_COPY,TOP,TOP,NONE,NONE,NONE,HEADER|PAYMENT|CUSTOM,ITEM>TENDER>SUBTOTAL>TOTAL>META,NO_ITEMS,NONE,LEFT,CRUMPLED_1,CENTER,3
New-York-Fries-Receipt,New York Fries Receipt,MERCHANT_COPY,TOP,TOP,DASHES,DASHES,NONE,HEADER|ITEMS|ITEMS|CUSTOM|CUSTOM,ITEM,PRESENT,NONE,LEFT,CRUMPLED_1,CENTER,5
Nia-Restaurant-Receipt,Nia Restaurant Receipt,MERCHANT_COPY,TOP,TOP,NONE,NONE,NONE,HEADER|ITEMS|CUSTOM,ITEM,ABSENT,NONE,LEFT,CRUMPLED_1,CENTER,3
Nike-Shoes-Receipt-example-with-Air-Jordan-Retro-4-Levis-Debit-card-and-3-more-items-totalling-611-dollars-10-cents,"Nike Shoes Receipt example with Air Jordan Retro 4 Levis, Debit card and 3 more items totalling 611 dollars 10 cents",MERCHANT_COPY,TOP,TOP,DASHES,DASHES,NONE,HEADER|CUSTOM|ITEMS|PAYMENT|CUSTOM|BARCODE,ITEM>SUBTOTAL>TAX>TOTAL>TENDER>META>AUTH,PRESENT,BOTTOM,LEFT,CRUMPLED_1,CENTER,6
Nike-Shoes-Receipt-example-with-Air-max-95central-cee-Sales-Tax-and-3-more-items-totalling-192-dollars-10-cents,"Nike Shoes Receipt example with Air max 95central cee, Sales Tax and 3 more items totalling 192 dollars 10 cents",MERCHANT_COPY,TOP,TOP,DASHES,DASHES,NONE,HEADER|CUSTOM|ITEMS|PAYMENT|CUSTOM|BARCODE,ITEM>SUBTOTAL>TAX>TOTAL>TENDER>META>AUTH,PRESENT,BOTTOM,LEFT,CRUMPLED_1,CENTER,6
Nike-Shoes-Receipt,Nike Shoes Receipt,MERCHANT_COPY,TOP,TOP,DASHES,DASHES,NONE,HEADER|CUSTOM|ITEMS|PAYMENT|CUSTOM|BARCODE,ITEM>SUBTOTAL>TAX>TOTAL>TENDER>META>AUTH,PRESENT,BOTTOM,LEFT,CRUMPLED_1,CENTER,6
Noel-Leeming-Receipt,Noel Leeming Receipt,MERCHANT_COPY,TOP,TOP,EQUALS,NONE,NONE,HEADER|CUSTOM|PAYMENT|CUSTOM|BARCODE|CUSTOM,TOTAL>ITEM>CHANGE,NO_ITEMS,MIDDLE,LEFT,CRUMPLED_1,LEFT,6
Noesaka-PIK-Receipt,Noesaka PIK Receipt,MERCHANT_COPY,TOP,NONE,NONE,DASHES,NONE,HEADER|CUSTOM|ITEMS|ITEMS|ITEMS|ITEMS|CUSTOM,ITEM,ABSENT,NONE,LEFT,CRUMPLED_1,CENTER,7
Noodles-Kober-Receipt,Noodles Kober Receipt,MERCHANT_COPY,MIDDLE,MIDDLE,DASHES,NONE,NONE,CUSTOM|HEADER|CUSTOM|PAYMENT|ITEMS|CUSTOM,TOTAL>TAX>SUBTOTAL>TENDER>ITEM,ABSENT,NONE,LEFT,CRUMPLED_1,CENTER,6
Nordsee-Receipt,Nordsee Receipt,MERCHANT_COPY,TOP,TOP,NONE,DASHES,NONE,HEADER|ITEMS|ITEMS|ITEMS|CUSTOM|CUSTOM|CUSTOM,ITEM,PRESENT,NONE,LEFT,CRUMPLED_1,CENTER,7
Nordstrom-Rack-Receipt,Nordstrom Rack Receipt,MERCHANT_COPY,TOP,TOP,EMPTY,EMPTY,NONE,HEADER|DATE|ITEMS|CUSTOM,ITEM>SUBTOTAL>TAX>TOTAL,PRESENT,NONE,LEFT,CRUMPLED_1,CENTER,4
Nordstrom-Receipt,Nordstrom Receipt,RECEIPTIONAL_RECEIPT,MIDDLE,MIDDLE,EMPTY,NONE,NONE,CUSTOM|HEADER|CUSTOM|ITEMS|PAYMENT|DATE|CUSTOM,ITEM>SUBTOTAL>TAX>TOTAL>TENDER>META>AUTH,PRESENT,NONE,LEFT,UNSET,CENTER,7
Nordstrom-Store-Receipt,Nordstrom Store Receipt,MERCHANT_COPY,TOP,TOP,NONE,NONE,NONE,HEADER|ITEMS|ITEMS|ITEMS|ITEMS|BARCODE|CUSTOM,ITEM>TOTAL,ABSENT,MIDDLE,LEFT,CRUMPLED_1,CENTER,7
Northern-Tool-+-Equipment-Receipt,Northern Tool + Equipment Receipt,MERCHANT_COPY,TOP,TOP,DASHES,NONE,NONE,HEADER|CUSTOM|CUSTOM|CUSTOM,NONE,NO_ITEMS,NONE,LEFT,CRUMPLED_1,CENTER,4
Notary-Receipt,Notary Receipt,MERCHANT_COPY,TOP,TOP,STARS,NONE,PERCENT_50,HEADER|CUSTOM|CUSTOM|ITEMS|PAYMENT|CUSTOM|BARCODE|DATE,ITEM>SUBTOTAL>TAX>TOTAL>TENDER>META>AUTH,PRESENT,MIDDLE,LEFT,CRUMPLED_1,CENTER,8
Nothing-Bundt-Cakes-Receipt,Nothing Bundt Cakes Receipt,MERCHANT_COPY,TOP,TOP,EMPTY,EMPTY,NONE,HEADER|DATE|CUSTOM|ITEMS|PAYMENT|CUSTOM|CUSTOM,ITEM>SUBTOTAL>TAX>TOTAL>TENDER>CHANGE,PRESENT,NONE,LEFT,CRUMPLED_1,CENTER,7
O!Save-Receipt,O!Save Receipt,MERCHANT_COPY,TOP,TOP,DASHES,DASHES,NONE,HEADER|ITEMS|ITEMS|PAYMENT|CUSTOM|CUSTOM,ITEM,ABSENT,NONE,LEFT,CRUMPLED_1,CENTER,6
O'Reilly-Auto-Parts-Receipt,O'Reilly Auto Parts Receipt,MERCHANT_COPY,TOP,TOP,EMPTY,EMPTY,NONE,HEADER|DATE|CUSTOM|ITEMS|CUSTOM,ITEM>SUBTOTAL>TAX>TOTAL,ABSENT,NONE,LEFT,CRUMPLED_1,CENTER,5
OH!SOME-Lippo-Plaza-Kramat-Jati-Receipt,OH!SOME Lippo Plaza Kramat Jati Receipt,MERCHANT_COPY,TOP,TOP,DASHES,DASHES,NONE,HEADER|ITEMS|ITEMS|ITEMS|ITEMS|ITEMS|CUSTOM,ITEM,ABSENT,NONE,LEFT,CRUMPLED_1,CENTER,7
ORLEN-Receipt,ORLEN Receipt,MERCHANT_COPY,TOP,TOP,DASHES,DASHES,NONE,HEADER|ITEMS|CUSTOM|ITEMS|ITEMS|CUSTOM|CUSTOM|ITEMS|CUSTOM|BARCODE|CUSTOM,ITEM,ABSENT,MIDDLE,LEFT,CRUMPLED_1,CENTER,11
Oasis-Receipt,Oasis Receipt,MERCHANT_COPY,TOP,TOP,NONE,NONE,NONE,HEADER|CUSTOM|CUSTOM|ITEMS|CUSTOM,ITEM,ABSENT,NONE,LEFT,CRUMPLED_1,CENTER,5
Odettes-Eatery-Receipt,Odettes Eatery Receipt,MERCHANT_COPY,TOP,TOP,DASHES,NONE,NONE,HEADER|PAYMENT|PAYMENT|CUSTOM|CUSTOM|CUSTOM,ITEM,NO_ITEMS,NONE,LEFT,CRUMPLED_1,LEFT,6
Office-Depot-OfficeMax-Receipt,Office Depot / OfficeMax Receipt,MERCHANT_COPY,TOP,TOP,DASHES,NONE,NONE,HEADER|BARCODE|CUSTOM|CUSTOM|ITEMS|CUSTOM|CUSTOM,ITEM>SUBTOTAL>TAX>TOTAL,ABSENT,MIDDLE,LEFT,CRUMPLED_1,CENTER,7
Oil-Change-Receipt,Oil Change Receipt,MERCHANT_COPY,TOP,TOP,DASHES,DASHES,NONE,HEADER|BARCODE|CUSTOM|CUSTOM|ITEMS|PAYMENT|CUSTOM|CUSTOM,ITEM>SUBTOTAL>TAX>TOTAL>TENDER>META>AUTH,PRESENT,MIDDLE,LEFT,CRUMPLED_1,CENTER,8
Oisit-Nasakan-Bangka-Receipt,Oisit Nasakan Bangka Receipt,MERCHANT_COPY,TOP,TOP,DASHES,DASHES,NONE,HEADER|CUSTOM|ITEMS|ITEMS|CUSTOM|CUSTOM,ITEM,ABSENT,NONE,LEFT,CRUMPLED_1,CENTER,6
Ola-Cab-Receipt,Ola Cab Receipt,MERCHANT_COPY,MIDDLE,MIDDLE,EMPTY,NONE,NONE,DATE|HEADER|CUSTOM|CUSTOM|ITEMS|CUSTOM|PAYMENT|CUSTOM,ITEM>TOTAL>TENDER>META>AUTH,ABSENT,NONE,LEFT,CRUMPLED_1,CENTER,8
Olive-Garden-Receipt,Olive Garden Receipt,MERCHANT_COPY,TOP,TOP,DASHES,DASHES,NONE,HEADER|DATE|ITEMS|CUSTOM|CUSTOM,ITEM>SUBTOTAL>TAX>TOTAL,PRESENT,NONE,LEFT,CRUMPLED_1,CENTER,5
Oliver's-Receipt,Oliver's Receipt,MERCHANT_COPY,TOP,TOP,NONE,NONE,NONE,HEADER|CUSTOM|ITEMS|CUSTOM,ITEM,PRESENT,NONE,LEFT,CRUMPLED_1,CENTER,4
Ollie's-Bargain-Outlet-Receipt,Ollie’s Bargain Outlet Receipt,MERCHANT_COPY,TOP,TOP,DASHES,DASHES,NONE,HEADER|RESTAURANT|ITEMS|CUSTOM,META>ITEM>SUBTOTAL>TAX>TOTAL,PRESENT,NONE,LEFT,CRUMPLED_1,CENTER,4
One-Twenty-Three-Burger-House-Receipt,One Twenty Three Burger House Receipt,MERCHANT_COPY,TOP,TOP,DASHES,NONE,NONE,HEADER|DATE|ITEMS|CUSTOM|CUSTOM,ITEM>SUBTOTAL>TAX>TOTAL,PRESENT,NONE,LEFT,CRUMPLED_1,CENTER,5
Orchard-City-Kitchen-Receipt,Orchard City Kitchen Receipt,MERCHANT_COPY,TOP,TOP,NONE,NONE,NONE,HEADER|ITEMS,ITEM>SUBTOTAL>TAX>TIP>TOTAL,ABSENT,NONE,LEFT,CRUMPLED_1,CENTER,2
Orchard-Restaurant-Receipt,Orchard Restaurant Receipt,MERCHANT_COPY,TOP,NONE,DASHES,DASHES,NONE,HEADER|ITEMS|ITEMS|CUSTOM|CUSTOM,ITEM,PRESENT,NONE,LEFT,CRUMPLED_1,CENTER,5
Outback-Steakhouse-Receipt,Outback Steakhouse Receipt,MERCHANT_COPY,TOP,TOP,EMPTY,EMPTY,NONE,HEADER|CUSTOM|ITEMS|PAYMENT|CUSTOM|CUSTOM|CUSTOM,ITEM>SUBTOTAL>TAX>TOTAL>TENDER>CHANGE,PRESENT,NONE,LEFT,CRUMPLED_4,CENTER,7
PACSUN-Receipt,PACSUN Receipt,MERCHANT_COPY,MIDDLE,TOP,EMPTY,EMPTY,NONE,HEADER|HEADER|CUSTOM|CUSTOM|ITEMS|PAYMENT|CUSTOM|CUSTOM|CUSTOM|BARCODE|CUSTOM,ITEM>SUBTOTAL>TOTAL>TENDER>AUTH,PRESENT,MIDDLE,LEFT,CRUMPLED_1,CENTER,11
PAK'nSAVE-Receipt,PAK'nSAVE Receipt,MERCHANT_COPY,TOP,TOP,NONE,NONE,NONE,HEADER|CUSTOM|CUSTOM|ITEMS|CUSTOM|CUSTOM|CUSTOM,ITEM,ABSENT,NONE,LEFT,CRUMPLED_1,CENTER,7
PC-Market-of-Choice-Receipt,PC Market of Choice Receipt,MERCHANT_COPY,TOP,TOP,NONE,NONE,NONE,HEADER|ITEMS|CUSTOM|CUSTOM,ITEM>TENDER>CHANGE>SUBTOTAL>TOTAL,ABSENT,NONE,LEFT,CRUMPLED_1,CENTER,4
PIGI-Pasta-Bar-Receipt,PIGI Pasta Bar Receipt,MERCHANT_COPY,TOP,TOP,DASHES,DASHES,NONE,HEADER|ITEMS|CUSTOM|ITEMS|ITEMS|CUSTOM|BARCODE,ITEM,ABSENT,BOTTOM,LEFT,CRUMPLED_1,RIGHT,7
Palm-Court-Receipt,Palm Court Receipt,MERCHANT_COPY,TOP,TOP,NONE,NONE,NONE,HEADER|ITEMS|CUSTOM|CUSTOM,ITEM,ABSENT,NONE,LEFT,CRUMPLED_1,CENTER,4
Panda-Express-Receipt,Panda Express Receipt,MERCHANT_COPY,TOP,NONE,EMPTY,NONE,NONE,HEADER|CUSTOM|CUSTOM|CUSTOM,NONE,NO_ITEMS,NONE,LEFT,CRUMPLED_1,CENTER,4
Panda-Not-Express,Panda Not Express,MERCHANT_COPY,TOP,NONE,EMPTY,NONE,NONE,HEADER|CUSTOM|CUSTOM|CUSTOM,NONE,NO_ITEMS,NONE,LEFT,CRUMPLED_1,CENTER,4
Pandora-Receipt,Pandora Receipt,MERCHANT_COPY,TOP,TOP,EMPTY,EMPTY,NONE,HEADER|CUSTOM|RESTAURANT|ITEMS|PAYMENT|CUSTOM,ITEM>SUBTOTAL>TAX>TOTAL>TENDER>CHANGE,ABSENT,NONE,UNSET,UNSET,CENTER,6
Papa-John's-Receipt,Papa John’s Receipt,MERCHANT_COPY,TOP,TOP,NONE,DASHES,NONE,HEADER|ITEMS|ITEMS|ITEMS|ITEMS|ITEMS|CUSTOM,ITEM,PRESENT,NONE,LEFT,CRUMPLED_1,CENTER,7
Paperchase-Receipt,Paperchase Receipt,MERCHANT_COPY,TOP,TOP,NONE,NONE,NONE,HEADER|ITEMS|CUSTOM|ITEMS|CUSTOM|BARCODE|CUSTOM,ITEM,ABSENT,MIDDLE,LEFT,CRUMPLED_1,CENTER,7
Pappasito's-Cantina-Receipt,Pappasito's Cantina Receipt,UNSET,TOP,TOP,STARS,NONE,NONE,HEADER|CUSTOM|PAYMENT|CUSTOM|PAYMENT|CUSTOM|CUSTOM|CUSTOM,TOTAL>ITEM,NO_ITEMS,NONE,UNSET,UNSET,CENTER,8
Parking-Ticket-Receipt,Parking Ticket Receipt,MERCHANT_COPY,TOP,TOP,DASHES,NONE,PERCENT_100,HEADER|CUSTOM|CUSTOM|ITEMS|PAYMENT|CUSTOM,ITEM>TOTAL>TENDER>META>AUTH,PRESENT,NONE,UNSET,UNSET,CENTER,6
Parking-lot-receipt,Parking lot receipt,UNSET,TOP,TOP,DASHES,NONE,NONE,HEADER|DATE|RESTAURANT|ITEMS|CUSTOM,ITEM>SUBTOTAL>TAX>TOTAL,NO_ITEMS,NONE,UNSET,UNSET,CENTER,5
Party-King-Receipt,Party King Receipt,MERCHANT_COPY,TOP,TOP,DASHES,NONE,NONE,HEADER|CUSTOM|CUSTOM|CUSTOM|CUSTOM|CUSTOM|PAYMENT|CUSTOM,TOTAL>ITEM,NO_ITEMS,NONE,LEFT,CRUMPLED_1,CENTER,8
Patel-Brothers-Receipt,Patel Brothers Receipt,MERCHANT_COPY,TOP,TOP,NONE,DASHES,NONE,HEADER|ITEMS|ITEMS|CUSTOM|ITEMS|CUSTOM,ITEM,ABSENT,NONE,LEFT,CRUMPLED_1,CENTER,6
Pavilions-Receipt,Pavilions Receipt,MERCHANT_COPY,TOP,TOP,NONE,DASHES,NONE,HEADER|CUSTOM|ITEMS|CUSTOM|ITEMS|CUSTOM|CUSTOM|ITEMS|BARCODE|CUSTOM|CUSTOM,ITEM,ABSENT,MIDDLE,LEFT,CRUMPLED_1,CENTER,11
Pawn-Shop-Receipt,Pawn Shop Receipt,MERCHANT_COPY,TOP,TOP,EQUALS,NONE,PERCENT_10,HEADER|CUSTOM|CUSTOM|ITEMS|PAYMENT|CUSTOM|BARCODE|DATE,ITEM>SUBTOTAL>TAX>TOTAL>TENDER>META>AUTH,PRESENT,MIDDLE,LEFT,CRUMPLED_1,CENTER,8
Peet's-Coffee-Receipt,Peet’s Coffee Receipt,MERCHANT_COPY,TOP,TOP,DASHES,DASHES,NONE,HEADER|CUSTOM|ITEMS|PAYMENT|CUSTOM,ITEM>SUBTOTAL>TAX>TOTAL>TENDER>META>AUTH,PRESENT,NONE,LEFT,CRUMPLED_1,CENTER,5
Pep-Boys-Receipt,Pep Boys Receipt,MERCHANT_COPY,TOP,TOP,EMPTY,EMPTY,NONE,HEADER|CUSTOM|CUSTOM|BARCODE|CUSTOM|ITEMS|CUSTOM,ITEM>SUBTOTAL>TAX>TOTAL,PRESENT,MIDDLE,LEFT,CRUMPLED_1,CENTER,7
Pepco-Receipt,Pepco Receipt,MERCHANT_COPY,TOP,NONE,NONE,NONE,NONE,HEADER|ITEMS|BARCODE|CUSTOM|ITEMS|CUSTOM,ITEM,ABSENT,MIDDLE,LEFT,CRUMPLED_1,CENTER,6
Perkins-Restaurant-and-Bakery-Receipt,Perkins Restaurant & Bakery Receipt,MERCHANT_COPY,TOP,TOP,DASHES,NONE,NONE,HEADER|CUSTOM|CUSTOM|CUSTOM|ITEMS|CUSTOM|ITEMS|CUSTOM,ITEM,PRESENT,NONE,LEFT,CRUMPLED_1,CENTER,8
Pest-Control-Receipt,Pest Control Receipt,MERCHANT_COPY,TOP,TOP,EQUALS,EQUALS,NONE,HEADER|CUSTOM|CUSTOM|ITEMS|PAYMENT|CUSTOM|BARCODE|DATE,ITEM>SUBTOTAL>TAX>TOTAL>TENDER>META>AUTH,PRESENT,MIDDLE,LEFT,CRUMPLED_1,CENTER,8
Pet-Supplies-Plus-Receipt,Pet Supplies Plus Receipt,MERCHANT_COPY,TOP,TOP,DASHES,DASHES,NONE,HEADER|CUSTOM|ITEMS|ITEMS|CUSTOM|ITEMS|CUSTOM,ITEM,ABSENT,NONE,LEFT,CRUMPLED_1,CENTER,7
PetSmart-Receipt,PetSmart Receipt,MERCHANT_COPY,TOP,TOP,EMPTY,NONE,NONE,HEADER|CUSTOM|CUSTOM|CUSTOM,NONE,NO_ITEMS,NONE,LEFT,CRUMPLED_1,CENTER,4
Petco-Receipt,Petco Receipt,UNSET,TOP,TOP,EMPTY,DASHES,NONE,HEADER|ITEMS|PAYMENT|DATE,ITEM>SUBTOTAL>TAX>TOTAL>TENDER>CHANGE,PRESENT,NONE,UNSET,UNSET,CENTER,4
Petrol-Receipt,Petrol Receipt,MERCHANT_COPY,TOP,TOP,DOTS,NONE,NONE,HEADER|BARCODE|CUSTOM|CUSTOM|CUSTOM|ITEMS|PAYMENT|CUSTOM|DATE,SUBTOTAL>TAX>TOTAL>TENDER>META>AUTH>ITEM,NO_ITEMS,MIDDLE,LEFT,CRUMPLED_1,CENTER,9
Pharmacy-Receipt,Pharmacy Receipt,MERCHANT_COPY,TOP,TOP,DASHES,DASHES,NONE,HEADER|BARCODE|DATE|ITEMS|PAYMENT|CUSTOM,ITEM>SUBTOTAL>TAX>TOTAL>TENDER>META>AUTH,PRESENT,MIDDLE,LEFT,CRUMPLED_1,CENTER,6
Phoenix-WSS-Receipt,Phoenix WSS Receipt,MERCHANT_COPY,TOP,TOP,NONE,NONE,NONE,HEADER|CUSTOM|ITEMS|CUSTOM|CUSTOM|BARCODE,ITEM,ABSENT,BOTTOM,LEFT,CRUMPLED_1,CENTER,6
Photography-Receipt,Photography Receipt,MERCHANT_COPY,TOP,TOP,COLONS,STARS,NONE,HEADER|CUSTOM|CUSTOM|ITEMS|PAYMENT|CUSTOM|CUSTOM|BARCODE|DATE,ITEM>SUBTOTAL>TAX>TOTAL>TENDER>META>AUTH,PRESENT,MIDDLE,LEFT,CRUMPLED_1,CENTER,9
Pick-Me-Fresh-Receipt,Pick Me Fresh Receipt,MERCHANT_COPY,TOP,NONE,NONE,NONE,NONE,HEADER|ITEMS|ITEMS|CUSTOM|BARCODE|CUSTOM,ITEM>TOTAL,ABSENT,MIDDLE,LEFT,CRUMPLED_1,CENTER,6
Pier-1-Bar-and-Restaurant-Receipt,Pier 1 Bar & Restaurant Receipt,MERCHANT_COPY,TOP,NONE,NONE,NONE,NONE,HEADER|CUSTOM|ITEMS|CUSTOM,ITEM>TOTAL,ABSENT,NONE,LEFT,CRUMPLED_1,CENTER,4
Piggly-Wiggly-Receipt,Piggly Wiggly Receipt,MERCHANT_COPY,TOP,TOP,NONE,NONE,NONE,HEADER|DATE|ITEMS|PAYMENT|CUSTOM,ITEM>TENDER>CHANGE,ABSENT,NONE,LEFT,CRUMPLED_1,CENTER,5
Pilot-Receipt,Pilot Receipt,MERCHANT_COPY,TOP,TOP,DASHES,NONE,NONE,HEADER|CUSTOM|CUSTOM|CUSTOM|CUSTOM|CUSTOM|CUSTOM|BARCODE|CUSTOM|CUSTOM,NONE,NO_ITEMS,MIDDLE,LEFT,CRUMPLED_1,CENTER,10
Pingo-Doce-Receipt,Pingo Doce Receipt,MERCHANT_COPY,TOP,TOP,DASHES,DASHES,NONE,HEADER|CUSTOM|ITEMS|CUSTOM|CUSTOM|CUSTOM,ITEM,PRESENT,NONE,LEFT,CRUMPLED_1,CENTER,6
Pint-Shop-Receipt,Pint Shop Receipt,MERCHANT_COPY,TOP,NONE,DASHES,DASHES,NONE,HEADER|ITEMS|ITEMS|CUSTOM,ITEM>TOTAL>TIP,ABSENT,NONE,LEFT,CRUMPLED_1,CENTER,4
Pita-Factory-Receipt,Pita Factory Receipt,MERCHANT_COPY,TOP,TOP,NONE,DASHES,NONE,HEADER|ITEMS|ITEMS|CUSTOM,ITEM,ABSENT,NONE,LEFT,CRUMPLED_1,CENTER,4
Pizza-Express-Receipt,Pizza Express Receipt,MERCHANT_COPY,TOP,TOP,DASHES,DASHES,NONE,HEADER|ITEMS|ITEMS|CUSTOM|CUSTOM|CUSTOM,ITEM>SUBTOTAL>TOTAL,PRESENT,NONE,LEFT,CRUMPLED_1,CENTER,6
Pizza-Hut-Receipt,Pizza Hut Receipt,MERCHANT_COPY,TOP,TOP,NONE,DASHES,NONE,HEADER|ITEMS|CUSTOM|ITEMS|RESTAURANT|ITEMS|ITEMS|CUSTOM|CUSTOM,ITEM,ABSENT,NONE,LEFT,CRUMPLED_1,CENTER,9
Plachutta-Receipt,Plachutta Receipt,MERCHANT_COPY,TOP,TOP,NONE,DASHES,NONE,HEADER|ITEMS|ITEMS|ITEMS|ITEMS|CUSTOM,ITEM,PRESENT,NONE,LEFT,CRUMPLED_1,CENTER,6
Plumbing-Receipt,Plumbing Receipt,MERCHANT_COPY,TOP,TOP,DASHES,DASHES,NONE,HEADER|CUSTOM|CUSTOM|ITEMS|PAYMENT|CUSTOM|CUSTOM|BARCODE,ITEM>SUBTOTAL>TAX>TOTAL>TENDER>META>AUTH,PRESENT,BOTTOM,LEFT,CRUMPLED_1,CENTER,8
Pokusevskis-Receipt,Pokusevskis Receipt,MERCHANT_COPY,TOP,NONE,NONE,DASHES,NONE,HEADER|ITEMS|ITEMS|ITEMS|CUSTOM|BARCODE|CUSTOM,ITEM>SUBTOTAL>TOTAL,ABSENT,MIDDLE,LEFT,CRUMPLED_1,CENTER,7
Popeyes-Receipt,Popeyes Receipt,MERCHANT_COPY,TOP,TOP,NONE,NONE,NONE,HEADER|CUSTOM|ITEMS|ITEMS|CUSTOM|ITEMS,ITEM>SUBTOTAL>TAX>TOTAL>TENDER>CHANGE,PRESENT,NONE,LEFT,CRUMPLED_1,CENTER,6
Popeyes-receipt-example-with-Chicken-Combo-Fries-Sprite-and-3-more-items-totalling-38-dollars-89-cents,"Popeyes receipt example with Chicken Combo, Fries, Sprite and 3 more items totalling 38 dollars 89 cents",MERCHANT_COPY,TOP,TOP,DASHES,DASHES,NONE,HEADER|DATE|ITEMS|PAYMENT|BARCODE,ITEM>SUBTOTAL>TAX>TOTAL>TENDER>META>AUTH,PRESENT,BOTTOM,UNSET,UNSET,CENTER,5
Popeyes-receipt,Popeyes receipt,MERCHANT_COPY,TOP,TOP,DASHES,DASHES,NONE,HEADER|DATE|ITEMS|PAYMENT|BARCODE,ITEM>SUBTOTAL>TAX>TOTAL>TENDER>META>AUTH,PRESENT,BOTTOM,UNSET,UNSET,CENTER,5
Portillo's-Receipt,Portillo's Receipt,MERCHANT_COPY,TOP,NONE,NONE,NONE,NONE,HEADER|PAYMENT|CUSTOM|PAYMENT|CUSTOM,META>ITEM>SUBTOTAL>TAX>TOTAL>TENDER,NO_ITEMS,NONE,LEFT,CRUMPLED_1,CENTER,5
Post-Office-Ltd-Self-Service-Receipt,Post Office Ltd Self Service Receipt,MERCHANT_COPY,TOP,NONE,DASHES,NONE,NONE,HEADER|CUSTOM|CUSTOM|ITEMS|ITEMS|CUSTOM|CUSTOM|ITEMS|CUSTOM|CUSTOM,ITEM>TAX,PRESENT,NONE,LEFT,CRUMPLED_1,CENTER,10
Pottery-Barn-Receipt,Pottery Barn Receipt,MERCHANT_COPY,TOP,TOP,EMPTY,EMPTY,NONE,HEADER|ITEMS|CUSTOM,ITEM>SUBTOTAL>TAX>TOTAL,ABSENT,NONE,LEFT,CRUMPLED_1,CENTER,3
Prada-Receipt,Prada Receipt,MERCHANT_COPY,TOP,TOP,DASHES,NONE,PERCENT_50,HEADER|RESTAURANT|ITEMS|DATE|CUSTOM|PAYMENT|CUSTOM|BARCODE|CUSTOM|BARCODE|CUSTOM,ITEM>SUBTOTAL>TAX>TOTAL>TENDER>META>AUTH,PRESENT,MIDDLE,LEFT,CRUMPLED_1,CENTER,11
Prescription-Receipt,Prescription Receipt,MERCHANT_COPY,TOP,TOP,DASHES,EQUALS,PERCENT_20,HEADER|CUSTOM|BARCODE|DATE|CUSTOM|ITEMS|PAYMENT|CUSTOM,ITEM>SUBTOTAL>TAX>TOTAL>TENDER>META>AUTH,PRESENT,MIDDLE,LEFT,CRUMPLED_1,CENTER,8
Presidente-Supermarket-Receipt,Presidente Supermarket Receipt,MERCHANT_COPY,TOP,TOP,DASHES,NONE,NONE,HEADER|CUSTOM|ITEMS|CUSTOM|CUSTOM,ITEM,ABSENT,NONE,LEFT,CRUMPLED_1,CENTER,5
Preston-Street-IGA-Grocery-Receipt,Preston Street IGA Grocery Receipt,MERCHANT_COPY,TOP,TOP,DASHES,DASHES,NONE,HEADER|CUSTOM|CUSTOM|ITEMS|ITEMS|CUSTOM|BARCODE|CUSTOM|CUSTOM,ITEM,ABSENT,MIDDLE,LEFT,CRUMPLED_1,CENTER,9
Pret-A-Manger-Receipt,Pret A Manger Receipt,MERCHANT_COPY,TOP,NONE,DASHES,EMPTY,NONE,HEADER|CUSTOM|CUSTOM|ITEMS|PAYMENT|CUSTOM|CUSTOM,ITEM>SUBTOTAL>TAX>TOTAL>TENDER>CHANGE,PRESENT,NONE,LEFT,CRUMPLED_1,CENTER,7
Pret-UK-Receipt,Pret UK Receipt,MERCHANT_COPY,TOP,TOP,DASHES,DASHES,NONE,HEADER|ITEMS|CUSTOM|ITEMS|CUSTOM,ITEM,ABSENT,NONE,LEFT,CRUMPLED_1,CENTER,5
Prezzo-Receipt,Prezzo Receipt,MERCHANT_COPY,TOP,TOP,NONE,DASHES,NONE,HEADER|ITEMS|ITEMS|ITEMS|CUSTOM,ITEM,PRESENT,NONE,LEFT,CRUMPLED_1,CENTER,5
Price-Chopper-Receipt,Price Chopper Receipt,MERCHANT_COPY,TOP,TOP,EMPTY,EMPTY,NONE,HEADER|ITEMS|CUSTOM|CUSTOM,ITEM>SUBTOTAL>TAX>TOTAL,PRESENT,NONE,LEFT,CRUMPLED_1,CENTER,4
Primark-Manchester-Receipt,Primark Manchester Receipt,MERCHANT_COPY,TOP,NONE,NONE,NONE,NONE,HEADER|ITEMS|CUSTOM|CUSTOM|BARCODE,ITEM,ABSENT,BOTTOM,LEFT,CRUMPLED_1,CENTER,5
Primark-Rotterdam-Receipt,Primark Rotterdam Receipt,MERCHANT_COPY,TOP,NONE,NONE,NONE,NONE,HEADER|CUSTOM|ITEMS|CUSTOM|CUSTOM|CUSTOM|BARCODE|CUSTOM,ITEM,ABSENT,MIDDLE,LEFT,CRUMPLED_1,CENTER,8
Primark-Store-Receipt,Primark Store Receipt,MERCHANT_COPY,TOP,TOP,NONE,NONE,NONE,HEADER|CUSTOM|ITEMS|CUSTOM|CUSTOM,ITEM,ABSENT,NONE,LEFT,CRUMPLED_1,CENTER,5
Printemps-Receipt,Printemps Receipt,MERCHANT_COPY,TOP,TOP,EMPTY,NONE,NONE,HEADER|ITEMS|CUSTOM|ITEMS|CUSTOM|BARCODE|CUSTOM|CUSTOM,ITEM,ABSENT,MIDDLE,LEFT,CRUMPLED_1,CENTER,8
Publix-Receipt,Publix Receipt,MERCHANT_COPY,TOP,TOP,EMPTY,NONE,NONE,HEADER|ITEMS|PAYMENT|CUSTOM|DATE,ITEM>TOTAL>TAX>TENDER>META>AUTH,PRESENT,NONE,LEFT,CRUMPLED_1,CENTER,5
Publix-Super-Markets-Receipt,Publix Super Markets Receipt,MERCHANT_COPY,TOP,TOP,NONE,NONE,NONE,HEADER|ITEMS|CUSTOM,ITEM,ABSENT,NONE,LEFT,CRUMPLED_1,CENTER,3
PureGym-Receipt,PureGym Receipt,MERCHANT_COPY,TOP,NONE,DASHES,NONE,NONE,HEADER|DATE|CUSTOM|CUSTOM|CUSTOM|CUSTOM,NONE,NO_ITEMS,NONE,LEFT,CRUMPLED_1,CENTER,6
Q8-Service-Receipt,Q8 Service Receipt,MERCHANT_COPY,TOP,TOP,NONE,NONE,NONE,HEADER|ITEMS|CUSTOM,ITEM,ABSENT,NONE,LEFT,CRUMPLED_1,CENTER,3
QuickChek-Receipt,QuickChek Receipt,MERCHANT_COPY,TOP,TOP,DASHES,NONE,NONE,HEADER|CUSTOM|PAYMENT|CUSTOM|CUSTOM,ITEM>SUBTOTAL>TAX>TOTAL>TENDER,NO_ITEMS,NONE,LEFT,CRUMPLED_1,CENTER,5
QuikTrip-Receipt,QuikTrip Receipt,MERCHANT_COPY,TOP,NONE,EMPTY,EMPTY,NONE,HEADER|CUSTOM|ITEMS|PAYMENT|CUSTOM,ITEM>SUBTOTAL>TAX>TOTAL>TENDER>CHANGE,ABSENT,NONE,LEFT,CRUMPLED_1,CENTER,5
REI-Co-op-Receipt,REI Co-op Receipt,MERCHANT_COPY,TOP,TOP,EMPTY,NONE,NONE,HEADER|CUSTOM|BARCODE|CUSTOM|CUSTOM|CUSTOM|CUSTOM|CUSTOM|CUSTOM,NONE,NO_ITEMS,MIDDLE,LEFT,CRUMPLED_1,CENTER,9
REMA-1000-Receipt,REMA 1000 Receipt,MERCHANT_COPY,TOP,TOP,NONE,DASHES,NONE,HEADER|ITEMS|ITEMS|ITEMS|ITEMS|CUSTOM|CUSTOM,ITEM,ABSENT,NONE,LEFT,CRUMPLED_1,CENTER,7
REWE-Receipt,REWE Receipt,MERCHANT_COPY,TOP,TOP,NONE,DASHES,NONE,HEADER|ITEMS|ITEMS|ITEMS|CUSTOM|ITEMS|CUSTOM,ITEM,ABSENT,NONE,LEFT,CRUMPLED_1,CENTER,7
ROSS-Dress-For-Less-Receipt,ROSS Dress For Less Receipt,MERCHANT_COPY,TOP,TOP,EMPTY,NONE,NONE,HEADER|CUSTOM|BARCODE|CUSTOM|CUSTOM|BARCODE|CUSTOM|CUSTOM|CUSTOM,NONE,NO_ITEMS,MIDDLE,LEFT,CRUMPLED_1,CENTER,9
RaceTrac-Receipt,RaceTrac Receipt,MERCHANT_COPY,TOP,TOP,NONE,NONE,NONE,HEADER|ITEMS|ITEMS,ITEM>SUBTOTAL>TAX>TOTAL>TENDER>CHANGE,PRESENT,NONE,LEFT,CRUMPLED_1,CENTER,3
Raising-Cane's-Receipt,Raising Cane’s Receipt,MERCHANT_COPY,TOP,TOP,EMPTY,NONE,NONE,HEADER|CUSTOM|CUSTOM|ITEMS|PAYMENT|CUSTOM|CUSTOM|CUSTOM,ITEM>SUBTOTAL>TAX>TOTAL>TENDER>CHANGE,PRESENT,NONE,LEFT,CRUMPLED_1,CENTER,8
Raley's-Receipt,Raley's Receipt,MERCHANT_COPY,TOP,TOP,NONE,DASHES,NONE,HEADER|ITEMS|CUSTOM|ITEMS|ITEMS|ITEMS|ITEMS|CUSTOM,ITEM,ABSENT,NONE,LEFT,CRUMPLED_1,CENTER,8
Ralphs-Receipt,Ralphs Receipt,MERCHANT_COPY,TOP,TOP,EMPTY,NONE,PERCENT_20,HEADER|ITEMS|PAYMENT|CUSTOM|DATE|CUSTOM,ITEM>TAX>TENDER>META>AUTH,PRESENT,NONE,LEFT,CRUMPLED_1,CENTER,6
Ramen-Bar-Receipt,Ramen Bar Receipt,MERCHANT_COPY,TOP,TOP,NONE,DASHES,NONE,HEADER|ITEMS|CUSTOM|ITEMS|CUSTOM,ITEM,PRESENT,NONE,LEFT,CRUMPLED_1,CENTER,5
Rance's-Chicago-Pizza-Receipt,Rance's Chicago Pizza Receipt,MERCHANT_COPY,TOP,TOP,NONE,NONE,NONE,HEADER|ITEMS|CUSTOM,ITEM,ABSENT,NONE,LEFT,CRUMPLED_1,CENTER,3
Razz-Coffee-Receipt,Razz Coffee Receipt,MERCHANT_COPY,TOP,BOTTOM,DASHES,DASHES,NONE,HEADER|ITEMS|CUSTOM|ITEMS|CUSTOM|CUSTOM|HEADER,ITEM,ABSENT,NONE,LEFT,CRUMPLED_1,CENTER,7
Real-Canadian-Superstore-Receipt,Real Canadian Superstore Receipt,MERCHANT_COPY,TOP,TOP,EMPTY,EMPTY,NONE,HEADER|ITEMS|PAYMENT|CUSTOM|BARCODE|CUSTOM|CUSTOM|CUSTOM,ITEM>SUBTOTAL>TAX>TOTAL>TENDER>CHANGE,PRESENT,MIDDLE,LEFT,CRUMPLED_1,LEFT,8
Receipt-example-with-Google-Play-and-2-more-items-totalling-dollar75.00,Receipt example with Google Play and 2 more items totalling $75.00,MERCHANT_COPY,NONE,NONE,EMPTY,NONE,NONE,CUSTOM|ITEMS|PAYMENT|BARCODE,ITEM>TOTAL>TENDER>META>AUTH,PRESENT,BOTTOM,UNSET,UNSET,UNSET,4
Red-Lobster-Receipt,Red Lobster Receipt,MERCHANT_COPY,TOP,TOP,NONE,DASHES,NONE,HEADER|ITEMS|ITEMS|CUSTOM|CUSTOM|ITEMS|ITEMS|CUSTOM,ITEM,PRESENT,NONE,LEFT,CRUMPLED_1,CENTER,8
Red-Robin-Receipt,Red Robin Receipt,MERCHANT_COPY,TOP,NONE,NONE,NONE,NONE,HEADER|ITEMS|CUSTOM|ITEMS|ITEMS|CUSTOM|ITEMS|CUSTOM,ITEM,ABSENT,NONE,LEFT,CRUMPLED_1,CENTER,8
Reddy-Express-Receipt,Reddy Express Receipt,MERCHANT_COPY,TOP,TOP,DASHES,DASHES,NONE,HEADER|CUSTOM|CUSTOM|ITEMS|ITEMS|CUSTOM|CUSTOM|BARCODE|CUSTOM,ITEM,PRESENT,MIDDLE,LEFT,CRUMPLED_1,CENTER,9
Regal-Cinemas-Receipt,Regal Cinemas Receipt,MERCHANT_COPY,TOP,NONE,EMPTY,EMPTY,NONE,HEADER|CUSTOM|CUSTOM|ITEMS|PAYMENT|CUSTOM,ITEM>SUBTOTAL>TAX>TOTAL>TENDER>CHANGE,PRESENT,NONE,LEFT,CRUMPLED_1,CENTER,6
Regalado-Market-Receipt,Regalado Market Receipt,MERCHANT_COPY,TOP,TOP,EQUALS,EQUALS,NONE,HEADER|CUSTOM|ITEMS|ITEMS|BARCODE|CUSTOM,ITEM,ABSENT,MIDDLE,LEFT,CRUMPLED_1,CENTER,6
Rent-Payment-Receipt,Rent Payment Receipt,MERCHANT_COPY,TOP,TOP,COLONS,NONE,PERCENT_10,HEADER|CUSTOM|CUSTOM|CUSTOM|CUSTOM|CUSTOM|CUSTOM|ITEMS|PAYMENT|CUSTOM|DATE|BARCODE,ITEM>TOTAL>TENDER>META>AUTH,ABSENT,BOTTOM,LEFT,CRUMPLED_1,CENTER,12
Restauracja-Atmosfera-Receipt,Restauracja Atmosfera Receipt,MERCHANT_COPY,TOP,NONE,DASHES,NONE,NONE,HEADER|PAYMENT|PAYMENT|CUSTOM|PAYMENT,ITEM,NO_ITEMS,NONE,LEFT,CRUMPLED_1,CENTER,5
Restaurant-Green-Spot-Receipt,Restaurant Green Spot Receipt,MERCHANT_COPY,TOP,NONE,EQUALS,NONE,NONE,HEADER|CUSTOM|ITEMS|CUSTOM|CUSTOM|BARCODE|CUSTOM,ITEM,ABSENT,MIDDLE,LEFT,CRUMPLED_1,CENTER,7
Restaurant-Kabul-Receipt,Restaurant Kabul Receipt,MERCHANT_COPY,TOP,TOP,NONE,EQUALS,NONE,HEADER|ITEMS|ITEMS|ITEMS|CUSTOM,ITEM,ABSENT,NONE,LEFT,CRUMPLED_1,CENTER,5
Restaurant-Receipt-example-with-Steak-Tap-water-and-3-more-items-totalling-dollar38.70,"Restaurant Receipt example with Steak, Tap water and 3 more items totalling $38.70",RECEIPTIONAL_RECEIPT,TOP,TOP,DASHES,DASHES,PERCENT_20,HEADER|RESTAURANT|ITEMS|PAYMENT|CUSTOM,ITEM>TOTAL,PRESENT,NONE,RIGHT,CRUMPLED_1,LEFT,5
Retail-Management-Solutions-Receipt,Retail Management Solutions Receipt,MERCHANT_COPY,TOP,TOP,NONE,NONE,NONE,HEADER|ITEMS|CUSTOM|BARCODE|CUSTOM,ITEM,PRESENT,MIDDLE,LEFT,CRUMPLED_1,RIGHT,5
Rinascente-Receipt,Rinascente Receipt,MERCHANT_COPY,TOP,TOP,DASHES,NONE,NONE,HEADER|CUSTOM|CUSTOM|ITEMS|CUSTOM|BARCODE|CUSTOM,ITEM,ABSENT,MIDDLE,LEFT,CRUMPLED_1,CENTER,7
Rite-Aid-Pharmacy-Receipt,Rite Aid Pharmacy Receipt,MERCHANT_COPY,TOP,TOP,EMPTY,NONE,NONE,HEADER|CUSTOM|CUSTOM|ITEMS|CUSTOM|BARCODE|CUSTOM,ITEM>SUBTOTAL>TAX>TOTAL,PRESENT,MIDDLE,LEFT,CRUMPLED_1,CENTER,7
River-Island-Receipt,River Island Receipt,MERCHANT_COPY,TOP,TOP,DASHES,DASHES,NONE,HEADER|CUSTOM|ITEMS|ITEMS|BARCODE|CUSTOM|CUSTOM|CUSTOM|CUSTOM,ITEM,ABSENT,MIDDLE,LEFT,CRUMPLED_1,CENTER,9
Roasting-Plant-Coffee-Receipt,Roasting Plant Coffee Receipt,MERCHANT_COPY,TOP,TOP,NONE,DASHES,NONE,HEADER|ITEMS|ITEMS|CUSTOM,ITEM,ABSENT,NONE,LEFT,CRUMPLED_1,CENTER,4
Roche-Bros.-Receipt,Roche Bros. Receipt,MERCHANT_COPY,TOP,TOP,NONE,NONE,NONE,HEADER|PAYMENT|CUSTOM,ITEM>SUBTOTAL>TAX>AUTH>CHANGE,NO_ITEMS,NONE,LEFT,CRUMPLED_1,CENTER,3
Rock-N-Taco-Grill-Receipt,Rock N Taco Grill Receipt,MERCHANT_COPY,TOP,TOP,DASHES,DASHES,NONE,HEADER|CUSTOM|CUSTOM|ITEMS|ITEMS,ITEM,ABSENT,NONE,LEFT,CRUMPLED_1,LEFT,5
Rolex-receipt-example-with-Oyster-Perpetual-and-1-more-item-totalling-104-dollars-55-cents,Rolex receipt example with Oyster Perpetual and 1 more item totalling 104 dollars 55 cents,MERCHANT_COPY,TOP,TOP,DASHES,DASHES,PERCENT_20,HEADER|DATE|BARCODE|ITEMS|PAYMENT,ITEM>SUBTOTAL>TAX>TOTAL>TENDER>CHANGE,PRESENT,MIDDLE,UNSET,UNSET,CENTER,5
Rolex-receipt-example-with-Rolex-Oyster-Perpetual-totalling-9-dollars-5-cents,Rolex receipt example with Rolex Oyster Perpetual totalling 9 dollars 5 cents,MERCHANT_COPY,TOP,TOP,DASHES,DASHES,PERCENT_20,HEADER|DATE|ITEMS|PAYMENT|BARCODE,ITEM>SUBTOTAL>TAX>TOTAL>TENDER>META>AUTH,PRESENT,BOTTOM,UNSET,UNSET,CENTER,5
Rolex-receipt,Rolex receipt,MERCHANT_COPY,TOP,TOP,DASHES,DASHES,PERCENT_20,HEADER|DATE|ITEMS|PAYMENT|BARCODE,ITEM>SUBTOTAL>TAX>TOTAL>TENDER>META>AUTH,PRESENT,BOTTOM,UNSET,UNSET,CENTER,5
Rona-Receipt,Rona Receipt,MERCHANT_COPY,TOP,TOP,DASHES,DASHES,NONE,HEADER|ITEMS|ITEMS|ITEMS|ITEMS|CUSTOM|CUSTOM,ITEM>TOTAL>TENDER,ABSENT,NONE,LEFT,CRUMPLED_1,CENTER,7
Roofing-Receipt,Roofing Receipt,MERCHANT_COPY,TOP,TOP,EQUALS,EQUALS,PERCENT_20,HEADER|CUSTOM|ITEMS|PAYMENT|CUSTOM|DATE|BARCODE,ITEM>SUBTOTAL>TAX>TOTAL>TENDER>META>AUTH,PRESENT,BOTTOM,LEFT,CRUMPLED_1,CENTER,7
Roots-Receipt,Roots Receipt,MERCHANT_COPY,TOP,TOP,NONE,NONE,NONE,HEADER|ITEMS|CUSTOM|CUSTOM,ITEM,ABSENT,NONE,LEFT,CRUMPLED_1,CENTER,4
Roots-Steakhouse-Receipt,Roots Steakhouse Receipt,MERCHANT_COPY,TOP,NONE,NONE,NONE,NONE,HEADER|CUSTOM|ITEMS|ITEMS|CUSTOM,ITEM>SUBTOTAL>TAX,PRESENT,NONE,LEFT,CRUMPLED_1,CENTER,5
Rouses-Market-Receipt,Rouses Market Receipt,MERCHANT_COPY,TOP,TOP,NONE,NONE,NONE,HEADER|ITEMS|CUSTOM|CUSTOM,ITEM,ABSENT,NONE,LEFT,CRUMPLED_1,CENTER,4
Royal-Mail-Receipt,Royal Mail Receipt,MERCHANT_COPY,TOP,NONE,DASHES,DASHES,NONE,HEADER|CUSTOM|CUSTOM|CUSTOM|ITEMS|PAYMENT|CUSTOM|CUSTOM,ITEM>SUBTOTAL>TOTAL>TENDER>META>AUTH,ABSENT,NONE,LEFT,CRUMPLED_1,CENTER,8
Rubio's-Receipt,Rubio's Receipt,MERCHANT_COPY,TOP,TOP,DASHES,NONE,NONE,HEADER|PAYMENT|PAYMENT|PAYMENT|PAYMENT|CUSTOM|CUSTOM,ITEM>SUBTOTAL>TAX>TOTAL>TENDER>CHANGE>META>AUTH,NO_ITEMS,NONE,LEFT,CRUMPLED_1,CENTER,7
SIM-Local-Receipt,SIM Local Receipt,MERCHANT_COPY,TOP,TOP,DASHES,DASHES,NONE,HEADER|ITEMS|ITEMS|ITEMS|ITEMS|CUSTOM,ITEM,ABSENT,NONE,LEFT,CRUMPLED_1,CENTER,6
SMYK-Receipt,SMYK Receipt,MERCHANT_COPY,TOP,NONE,DASHES,DASHES,NONE,HEADER|CUSTOM|CUSTOM|ITEMS|CUSTOM|CUSTOM|CUSTOM|BARCODE|CUSTOM|CUSTOM,ITEM,ABSENT,MIDDLE,LEFT,CRUMPLED_1,CENTER,10
SONO-Japanese-Restaurant-Receipt,SONO Japanese Restaurant Receipt,MERCHANT_COPY,MIDDLE,TOP,DASHES,DASHES,NONE,HEADER|HEADER|DATE|ITEMS|PAYMENT,ITEM>SUBTOTAL>TAX>TOTAL>TENDER>META>AUTH,PRESENT,NONE,LEFT,CRUMPLED_1,LEFT,5
SPAR-Store-Receipt,SPAR Store Receipt,MERCHANT_COPY,TOP,TOP,NONE,DASHES,NONE,HEADER|ITEMS|ITEMS|ITEMS|CUSTOM|CUSTOM,ITEM,PRESENT,NONE,LEFT,CRUMPLED_1,CENTER,6
SS-Fried-Chicken-Lhokseumawe-Receipt,SS Fried Chicken Lhokseumawe Receipt,MERCHANT_COPY,TOP,TOP,NONE,NONE,NONE,HEADER|ITEMS|CUSTOM|PAYMENT|CUSTOM|CUSTOM,ITEM>TOTAL,ABSENT,NONE,LEFT,CRUMPLED_1,CENTER,6
Safeway-receipt-example-with-Bananas-Carrots-and-8-more-items-totalling-46-dollars-13-cents,"Safeway receipt example with Bananas, Carrots and 8 more items totalling 46 dollars 13 cents",MERCHANT_COPY,TOP,TOP,DASHES,DASHES,NONE,HEADER|DATE|ITEMS|PAYMENT|BARCODE,ITEM>SUBTOTAL>TAX>TOTAL>TENDER>AUTH,PRESENT,BOTTOM,RIGHT_SPACE,CRUMPLED_1,CENTER,5
Safeway-receipt,Safeway receipt,MERCHANT_COPY,TOP,TOP,DASHES,DASHES,NONE,HEADER|DATE|ITEMS|PAYMENT|BARCODE,ITEM>SUBTOTAL>TAX>TOTAL>TENDER>META>AUTH,PRESENT,BOTTOM,UNSET,UNSET,CENTER,5
Sainsbury's-Receipt,Sainsbury’s Receipt,MERCHANT_COPY,TOP,TOP,DASHES,NONE,NONE,HEADER|ITEMS|CUSTOM|CUSTOM|PAYMENT|CUSTOM|CUSTOM|BARCODE|CUSTOM,ITEM>TENDER>TOTAL,PRESENT,MIDDLE,LEFT,CRUMPLED_1,CENTER,9
Saint-Laurent-Paris-Receipt,Saint Laurent Paris Receipt,FAKE_RECEIPT,TOP,TOP,DASHES,DASHES,PERCENT_20,HEADER|CUSTOM|ITEMS|PAYMENT|CUSTOM|HEADER,ITEM>TOTAL>META,PRESENT,NONE,RIGHT_SPACE,CRUMPLED_1,CENTER,6
Saks-Fifth-Avenue-Receipt,Saks Fifth Avenue Receipt,MERCHANT_COPY,MIDDLE,TOP,EMPTY,EMPTY,NONE,HEADER|HEADER|CUSTOM|CUSTOM|ITEMS|PAYMENT|CUSTOM|CUSTOM|CUSTOM|BARCODE|CUSTOM,ITEM>SUBTOTAL>TOTAL>TENDER>AUTH,ABSENT,MIDDLE,LEFT,CRUMPLED_1,CENTER,11
Saks-Fifth-Receipt-example-with-Amiri-Ma-Eagle-Shirt-Amiri-Vintage-Crystal-Tee-and-1-more-item-totalling-1755-dollars-50-cents,"Saks Fifth Receipt example with Amiri Ma Eagle Shirt, Amiri Vintage Crystal Tee and 1 more item totalling 1755 dollars 50 cents",MERCHANT_COPY,TOP,TOP,EMPTY,EMPTY,NONE,HEADER|CUSTOM|CUSTOM|ITEMS|PAYMENT|CUSTOM,ITEM>SUBTOTAL>TOTAL>TENDER>META>AUTH,PRESENT,NONE,LEFT,CRUMPLED_1,CENTER,6
Saks-Fifth-Receipt,Saks Fifth Receipt,MERCHANT_COPY,TOP,TOP,EMPTY,EMPTY,NONE,HEADER|CUSTOM|CUSTOM|ITEMS|PAYMENT|CUSTOM,ITEM>SUBTOTAL>TOTAL>TENDER>META>AUTH,PRESENT,NONE,LEFT,CRUMPLED_1,CENTER,6
Salem-Pharmacy-Receipt,Salem Pharmacy Receipt,MERCHANT_COPY,TOP,TOP,DASHES,DASHES,NONE,HEADER|DATE|ITEMS|PAYMENT|CUSTOM|BARCODE,ITEM>SUBTOTAL>TOTAL>TENDER>META>AUTH,PRESENT,BOTTOM,LEFT,CRUMPLED_3,LEFT,6
Sally-Beauty-Receipt,Sally Beauty Receipt,MERCHANT_COPY,TOP,TOP,EMPTY,EMPTY,NONE,HEADER|BARCODE|CUSTOM|ITEMS|CUSTOM,ITEM>SUBTOTAL>TAX>TOTAL,PRESENT,MIDDLE,LEFT,CRUMPLED_1,CENTER,5
Salt-and-Straw-Receipt,Salt & Straw Receipt,MERCHANT_COPY,TOP,TOP,DASHES,NONE,NONE,HEADER|CUSTOM|ITEMS,ITEM>TIP>TOTAL,ABSENT,NONE,LEFT,CRUMPLED_1,CENTER,3
Salvation-Army-Thrift-Store-Receipt,Salvation Army Thrift Store Receipt,MERCHANT_COPY,TOP,TOP,NONE,DASHES,NONE,HEADER|ITEMS|ITEMS|CUSTOM,ITEM,ABSENT,NONE,LEFT,CRUMPLED_1,CENTER,4
Sam's-Club-Receipt,Sam’s Club Receipt,UNSET,TOP,TOP,EMPTY,NONE,NONE,HEADER|CUSTOM|CUSTOM|ITEMS|PAYMENT|DATE|DATE|BARCODE|CUSTOM,ITEM>SUBTOTAL>TAX>TOTAL>TENDER>AUTH,ABSENT,MIDDLE,UNSET,CRUMPLED_2,CENTER,9
Sambel-Cobek-Pakansari-Receipt,Sambel Cobek Pakansari Receipt,MERCHANT_COPY,TOP,NONE,DASHES,DASHES,NONE,HEADER|ITEMS|ITEMS|ITEMS|CUSTOM,ITEM,PRESENT,NONE,LEFT,CRUMPLED_1,CENTER,5
San-Carlo-Receipt,San Carlo Receipt,MERCHANT_COPY,TOP,NONE,DASHES,NONE,NONE,HEADER|CUSTOM|PAYMENT|PAYMENT|CUSTOM|CUSTOM|CUSTOM,ITEM>TOTAL,NO_ITEMS,NONE,LEFT,CRUMPLED_1,CENTER,7
Saturn-Receipt,Saturn Receipt,MERCHANT_COPY,TOP,TOP,DASHES,DASHES,NONE,HEADER|CUSTOM|ITEMS|CUSTOM|BARCODE|CUSTOM,ITEM,ABSENT,MIDDLE,LEFT,CRUMPLED_1,CENTER,6
Save-A-Lot-Receipt,Save-A-Lot Receipt ,MERCHANT_COPY,TOP,TOP,NONE,NONE,NONE,HEADER|DATE|ITEMS|CUSTOM,ITEM>TENDER>CHANGE>TOTAL,ABSENT,NONE,LEFT,CRUMPLED_1,CENTER,4
Save-Mart-Supermarkets-Receipt,Save Mart Supermarkets Receipt,MERCHANT_COPY,TOP,TOP,NONE,NONE,NONE,HEADER|CUSTOM|CUSTOM|ITEMS|CUSTOM|CUSTOM,ITEM>SUBTOTAL>TAX>TOTAL,ABSENT,NONE,LEFT,CRUMPLED_1,CENTER,6
Save-On-Foods-Receipt,Save-On-Foods Receipt,MERCHANT_COPY,TOP,NONE,EMPTY,EMPTY,NONE,HEADER|ITEMS|PAYMENT|CUSTOM,ITEM>SUBTOTAL>TAX>TOTAL>TENDER>CHANGE,PRESENT,NONE,LEFT,CRUMPLED_1,CENTER,4
Schlotzsky's-Receipt,Schlotzsky's Receipt,MERCHANT_COPY,TOP,TOP,NONE,NONE,NONE,HEADER|CUSTOM|CUSTOM|ITEMS|CUSTOM|CUSTOM|ITEMS,ITEM,PRESENT,NONE,LEFT,CRUMPLED_1,CENTER,7
Schneider's-Bakery-Receipt,Schneider’s Bakery Receipt,MERCHANT_COPY,TOP,TOP,DASHES,DASHES,PERCENT_75,HEADER|DATE|ITEMS|PAYMENT|CUSTOM,ITEM>TOTAL>TENDER>META>AUTH,PRESENT,NONE,LEFT,CRUMPLED_1,CENTER,5
Screwfix-Invoice-Receipt,Screwfix Invoice Receipt,MERCHANT_COPY,TOP,TOP,DASHES,DASHES,NONE,HEADER|CUSTOM|BARCODE|CUSTOM|CUSTOM|CUSTOM|ITEMS|CUSTOM|ITEMS|CUSTOM|ITEMS|CUSTOM|CUSTOM,ITEM>TOTAL,ABSENT,MIDDLE,LEFT,CRUMPLED_1,CENTER,13
Seafood-City-Receipt,Seafood City Receipt,MERCHANT_COPY,TOP,NONE,DASHES,DASHES,NONE,HEADER|CUSTOM|ITEMS|ITEMS|ITEMS|CUSTOM|CUSTOM|ITEMS,ITEM,ABSENT,NONE,LEFT,CRUMPLED_1,CENTER,8
Seasons-52-Receipt,Seasons 52 Receipt,MERCHANT_COPY,TOP,NONE,NONE,DASHES,NONE,HEADER|ITEMS|CUSTOM|ITEMS|CUSTOM|ITEMS|ITEMS|ITEMS,ITEM>SUBTOTAL>TAX>TOTAL,PRESENT,NONE,LEFT,CRUMPLED_1,CENTER,8
Sego-Tempong-Negoro-Receipt,Sego Tempong Negoro Receipt,MERCHANT_COPY,TOP,TOP,DASHES,DASHES,NONE,HEADER|CUSTOM|ITEMS|ITEMS,ITEM,ABSENT,NONE,LEFT,CRUMPLED_1,LEFT,4
Selfridges-Receipt,Selfridges Receipt,FAKE_RECEIPT,TOP,TOP,DASHES,NONE,NONE,HEADER|CUSTOM|CUSTOM|CUSTOM|CUSTOM|CUSTOM|CUSTOM|CUSTOM|BARCODE,NONE,NO_ITEMS,BOTTOM,RIGHT,CRUMPLED_1,CENTER,9
Sephora-receipt-example-with-Yves-Saint-Laurent-Black-Opium-Le-Parfum-Nuit-and-1-more-item-totalling-189-dollars-64-cents,Sephora receipt example with Yves Saint Laurent Black Opium Le Parfum Nuit and 1 more item totalling 189 dollars 64 cents,MERCHANT_COPY,TOP,TOP,DASHES,DASHES,NONE,HEADER|DATE|ITEMS|PAYMENT|BARCODE,ITEM>SUBTOTAL>TAX>TOTAL>TENDER>CHANGE,PRESENT,BOTTOM,UNSET,UNSET,CENTER,5
Sephora-receipt,Sephora receipt,MERCHANT_COPY,TOP,TOP,DASHES,DASHES,NONE,HEADER|DATE|ITEMS|PAYMENT|BARCODE,ITEM>SUBTOTAL>TAX>TOTAL>TENDER>META>AUTH,PRESENT,BOTTOM,UNSET,UNSET,CENTER,5
Shake-Shack-Receipt,Shake Shack Receipt,MERCHANT_COPY,TOP,NONE,EMPTY,EMPTY,PERCENT_75,HEADER|CUSTOM|DATE|ITEMS|PAYMENT|CUSTOM,ITEM>SUBTOTAL>TAX>TOTAL>TENDER>META>AUTH,PRESENT,NONE,LEFT,CRUMPLED_1,CENTER,6
Shake-Shack-Singapore-Receipt,Shake Shack Singapore Receipt,MERCHANT_COPY,TOP,NONE,EQUALS,NONE,NONE,HEADER|PAYMENT|PAYMENT|CUSTOM|CUSTOM,ITEM>TOTAL>TENDER>CHANGE>TAX,NO_ITEMS,NONE,LEFT,CRUMPLED_1,CENTER,5
Sheetz-Receipt,Sheetz Receipt,MERCHANT_COPY,TOP,TOP,NONE,NONE,NONE,HEADER|PAYMENT|CUSTOM|CUSTOM|BARCODE|CUSTOM,ITEM>SUBTOTAL>TAX>TOTAL,NO_ITEMS,MIDDLE,LEFT,CRUMPLED_1,CENTER,6
Shell-Receipt,Shell Receipt,MERCHANT_COPY,TOP,TOP,EMPTY,DASHES,NONE,HEADER|CUSTOM|ITEMS|PAYMENT|CUSTOM,ITEM>TOTAL>TENDER>META>AUTH,PRESENT,NONE,LEFT,CRUMPLED_1,LEFT,5
Shell-US-Receipt,Shell US Receipt,MERCHANT_COPY,TOP,NONE,NONE,NONE,NONE,HEADER|CUSTOM|CUSTOM|CUSTOM|CUSTOM,NONE,NO_ITEMS,NONE,LEFT,CRUMPLED_1,CENTER,5
Shipping-Receipt,Shipping Receipt,MERCHANT_COPY,TOP,TOP,DOTS,NONE,NONE,HEADER|DATE|CUSTOM|CUSTOM|ITEMS|PAYMENT|CUSTOM|BARCODE,ITEM>SUBTOTAL>TAX>TOTAL>TENDER>META>AUTH,PRESENT,BOTTOM,LEFT,CRUMPLED_1,CENTER,8
Shoe-Dept.-Receipt,Shoe Dept. Receipt,MERCHANT_COPY,TOP,TOP,NONE,DASHES,NONE,HEADER|CUSTOM|CUSTOM|CUSTOM|ITEMS|CUSTOM|CUSTOM,ITEM,PRESENT,NONE,LEFT,CRUMPLED_1,CENTER,7
Shoney's-Receipt,Shoney's Receipt,MERCHANT_COPY,TOP,NONE,DASHES,DASHES,NONE,HEADER|CUSTOM|CUSTOM|ITEMS|ITEMS|ITEMS|ITEMS,ITEM,ABSENT,NONE,LEFT,CRUMPLED_1,CENTER,7
ShopRite-Millville-Receipt,ShopRite Millville Receipt,MERCHANT_COPY,TOP,TOP,NONE,NONE,NONE,HEADER|CUSTOM|ITEMS|CUSTOM|CUSTOM,ITEM,ABSENT,NONE,LEFT,CRUMPLED_1,CENTER,5
Shoppers-Drug-Mart-Receipt,Shoppers Drug Mart Receipt,MERCHANT_COPY,TOP,TOP,EMPTY,EMPTY,NONE,HEADER|CUSTOM|ITEMS|PAYMENT|CUSTOM|CUSTOM|CUSTOM|BARCODE|CUSTOM|CUSTOM|CUSTOM,ITEM>SUBTOTAL>TAX>TOTAL>TENDER>CHANGE,PRESENT,MIDDLE,LEFT,CRUMPLED_1,CENTER,11
Shoprite-Receipt,Shoprite Receipt,MERCHANT_COPY,TOP,TOP,STARS,DASHES,NONE,HEADER|CUSTOM|CUSTOM|ITEMS|CUSTOM|ITEMS|PAYMENT|CUSTOM,ITEM>SUBTOTAL>TAX>TOTAL>TENDER>META>AUTH,PRESENT,NONE,LEFT,CRUMPLED_1,CENTER,8
Simple-Business-Receipt,Simple Business Receipt,MERCHANT_COPY,MIDDLE,MIDDLE,EMPTY,DOTS,NONE,CUSTOM|DATE|HEADER|CUSTOM|ITEMS|PAYMENT|CUSTOM|CUSTOM,ITEM>SUBTOTAL>TAX>TOTAL>TENDER>META>AUTH,PRESENT,NONE,LEFT,CRUMPLED_1,CENTER,8
Skechers-Receipt,Skechers Receipt,MERCHANT_COPY,TOP,TOP,EMPTY,EMPTY,NONE,HEADER|CUSTOM|ITEMS|PAYMENT|CUSTOM|CUSTOM|BARCODE|CUSTOM,ITEM>SUBTOTAL>TAX>TOTAL>TENDER>CHANGE,ABSENT,MIDDLE,LEFT,CRUMPLED_1,CENTER,8
Smart-and-Final-Receipt,Smart & Final Receipt,MERCHANT_COPY,TOP,TOP,NONE,NONE,NONE,HEADER|CUSTOM|CUSTOM|BARCODE|DATE,NONE,NO_ITEMS,MIDDLE,LEFT,CRUMPLED_1,CENTER,5
Smashburger-Receipt,Smashburger Receipt,MERCHANT_COPY,TOP,TOP,NONE,NONE,NONE,HEADER|PAYMENT|CUSTOM,META>ITEM>SUBTOTAL>TAX>TOTAL>TENDER>AUTH,NO_ITEMS,NONE,LEFT,CRUMPLED_1,CENTER,3
Smith's-Grocery-Store-Receipt,Smith’s – Grocery Store Receipt,MERCHANT_COPY,TOP,TOP,STARS,NONE,NONE,HEADER|ITEMS|PAYMENT|DATE,ITEM>TAX>TOTAL>TENDER>CHANGE,PRESENT,NONE,LEFT,CRUMPLED_1,CENTER,4
Smoothie-King-Receipt,Smoothie King Receipt,MERCHANT_COPY,TOP,TOP,DASHES,NONE,NONE,HEADER|CUSTOM|CUSTOM,NONE,NO_ITEMS,NONE,LEFT,CRUMPLED_1,CENTER,3
Sobeys-Receipt,Sobeys Receipt,MERCHANT_COPY,TOP,TOP,DASHES,NONE,NONE,HEADER|CUSTOM|ITEMS|ITEMS|CUSTOM|ITEMS|CUSTOM|ITEMS,ITEM>SUBTOTAL>TAX,ABSENT,NONE,LEFT,CRUMPLED_1,CENTER,8
Solasta-Steak-House-Receipt,Solasta Steak House Receipt,MERCHANT_COPY,TOP,NONE,DASHES,DASHES,NONE,HEADER|CUSTOM|ITEMS|ITEMS|CUSTOM,ITEM,PRESENT,NONE,LEFT,CRUMPLED_1,CENTER,5
Soloman-Cutler-Receipt,Soloman Cutler Receipt,MERCHANT_COPY,TOP,NONE,NONE,DASHES,NONE,HEADER|ITEMS|ITEMS|CUSTOM|ITEMS|CUSTOM|ITEMS|CUSTOM|ITEMS,ITEM,PRESENT,NONE,LEFT,CRUMPLED_1,CENTER,9
Sonic-Drive-In-Receipt,Sonic Drive-In Receipt,MERCHANT_COPY,TOP,TOP,EMPTY,EMPTY,NONE,HEADER|CUSTOM|CUSTOM|ITEMS|PAYMENT|CUSTOM,ITEM>SUBTOTAL>TAX>TOTAL>TENDER>CHANGE,PRESENT,NONE,LEFT,CRUMPLED_1,CENTER,6
Sop-Jando-Kawanua-Receipt,Sop Jando Kawanua Receipt,MERCHANT_COPY,TOP,TOP,NONE,DASHES,NONE,HEADER|CUSTOM|ITEMS|ITEMS|CUSTOM,ITEM,ABSENT,NONE,LEFT,CRUMPLED_1,CENTER,5
Souley-Vegan-Receipt,Souley Vegan Receipt,MERCHANT_COPY,TOP,NONE,NONE,NONE,NONE,HEADER|CUSTOM|ITEMS|ITEMS|ITEMS|CUSTOM|CUSTOM|BARCODE|CUSTOM,ITEM,ABSENT,MIDDLE,LEFT,CRUMPLED_1,CENTER,9
Spaghetti-House-Receipt,Spaghetti House Receipt,MERCHANT_COPY,TOP,TOP,NONE,NONE,NONE,HEADER|CUSTOM|PAYMENT|CUSTOM,ITEM>SUBTOTAL>TOTAL,NO_ITEMS,NONE,LEFT,CRUMPLED_1,CENTER,4
Spangles-Receipt,Spangles Receipt,MERCHANT_COPY,TOP,TOP,NONE,NONE,NONE,HEADER|ITEMS|CUSTOM,ITEM,ABSENT,NONE,LEFT,CRUMPLED_1,CENTER,3
Spec's-Receipt,Spec's Receipt,MERCHANT_COPY,TOP,TOP,STARS,DASHES,NONE,HEADER|CUSTOM|CUSTOM|ITEMS|CUSTOM|BARCODE|CUSTOM,ITEM>SUBTOTAL>TAX>TOTAL,PRESENT,MIDDLE,LEFT,CRUMPLED_1,CENTER,7
Splend'Or-Receipt,Splend’Or Receipt,MERCHANT_COPY,TOP,TOP,DASHES,DASHES,PERCENT_50,HEADER|ITEMS|CUSTOM|BARCODE|DATE|CUSTOM|CUSTOM,ITEM>SUBTOTAL>TOTAL,PRESENT,MIDDLE,RIGHT_SPACE,CRUMPLED_1,CENTER,7
Sports-Direct-Receipt,Sports Direct Receipt,MERCHANT_COPY,TOP,TOP,NONE,NONE,NONE,HEADER|CUSTOM|CUSTOM|CUSTOM|ITEMS|BARCODE|CUSTOM,ITEM,ABSENT,MIDDLE,LEFT,CRUMPLED_1,CENTER,7
Sprouts-Farmers-Market-Receipt,Sprouts Farmers Market Receipt,MERCHANT_COPY,TOP,TOP,EMPTY,NONE,NONE,HEADER|CUSTOM|CUSTOM|CUSTOM,NONE,NO_ITEMS,NONE,LEFT,CRUMPLED_1,CENTER,4
Square-POS-Receipt,Square POS Receipt,MERCHANT_COPY,TOP,NONE,DASHES,DASHES,NONE,HEADER|DATE|CUSTOM|CUSTOM|ITEMS|PAYMENT,ITEM>TOTAL>TENDER>CHANGE,PRESENT,NONE,LEFT,CRUMPLED_1,LEFT,6
Stan's-Donuts-Receipt,Stan's Donuts Receipt,MERCHANT_COPY,TOP,NONE,NONE,NONE,NONE,HEADER|ITEMS|CUSTOM,ITEM,ABSENT,NONE,LEFT,CRUMPLED_1,CENTER,3
Staples-Receipt,Staples Receipt,MERCHANT_COPY,TOP,TOP,EMPTY,NONE,NONE,HEADER|CUSTOM|CUSTOM|ITEMS|CUSTOM|CUSTOM|CUSTOM|BARCODE|CUSTOM,ITEM>SUBTOTAL>TAX>TOTAL,PRESENT,MIDDLE,LEFT,CRUMPLED_2,CENTER,9
Star-Market-Receipt,Star Market Receipt,MERCHANT_COPY,TOP,TOP,NONE,NONE,NONE,HEADER|CUSTOM|ITEMS|CUSTOM,ITEM,ABSENT,NONE,LEFT,CRUMPLED_1,CENTER,4
Starbucks-Receipt-example-with-Venti-Mocha-Latte-Oat-Milk-and-3-more-items-totalling-38-dollars-02-cents,"Starbucks Receipt example with Venti Mocha Latte, Oat Milk and 3 more items totalling 38 dollars 02 cents",MERCHANT_COPY,TOP,TOP,DASHES,NONE,NONE,HEADER|CUSTOM|CUSTOM|ITEMS|DATE|BARCODE|CUSTOM,ITEM>SUBTOTAL>TAX>TOTAL,PRESENT,MIDDLE,LEFT,CRUMPLED_1,CENTER,7
Starbucks-Receipt,Starbucks Receipt,MERCHANT_COPY,TOP,TOP,DASHES,NONE,NONE,HEADER|CUSTOM|CUSTOM|ITEMS|DATE|BARCODE|CUSTOM,ITEM>SUBTOTAL>TAX>TOTAL,PRESENT,MIDDLE,LEFT,CRUMPLED_1,CENTER,7
State-and-Main-Kitchen-+-Bar-Receipt,State & Main Kitchen + Bar Receipt,MERCHANT_COPY,TOP,TOP,EQUALS,EQUALS,NONE,HEADER|CUSTOM|ITEMS|PAYMENT|PAYMENT|CUSTOM,ITEM>TOTAL>TAX,PRESENT,NONE,LEFT,CRUMPLED_1,CENTER,6
Stater-Bros.-Receipt,Stater Bros. Receipt,MERCHANT_COPY,TOP,TOP,DASHES,NONE,NONE,HEADER|DATE|ITEMS|PAYMENT|CUSTOM|BARCODE|CUSTOM,ITEM>SUBTOTAL>TAX>TOTAL>TENDER>CHANGE,ABSENT,MIDDLE,LEFT,CRUMPLED_1,CENTER,7
Steak-'n-Shake-Receipt,Steak 'n Shake Receipt,MERCHANT_COPY,TOP,NONE,NONE,NONE,NONE,HEADER|ITEMS|CUSTOM|ITEMS|CUSTOM|ITEMS|CUSTOM|CUSTOM|BARCODE,ITEM,ABSENT,BOTTOM,LEFT,CRUMPLED_1,CENTER,9
Stew-Leonard's-Receipt,Stew Leonard's Receipt,MERCHANT_COPY,TOP,TOP,DASHES,DASHES,NONE,HEADER|ITEMS|CUSTOM|CUSTOM|ITEMS|ITEMS|ITEMS,ITEM,ABSENT,NONE,LEFT,CRUMPLED_1,LEFT,7
StockX-Receipt,StockX Receipt,MERCHANT_COPY,TOP,TOP,EMPTY,DASHES,PERCENT_20,HEADER|CUSTOM|CUSTOM|CUSTOM|CUSTOM|CUSTOM|CUSTOM|ITEMS|CUSTOM,ITEM>TOTAL,ABSENT,NONE,LEFT,CRUMPLED_1,RIGHT,9
Stop-and-Shop-Receipt,Stop & Shop Receipt,MERCHANT_COPY,TOP,TOP,EMPTY,NONE,NONE,HEADER|CUSTOM|CUSTOM|BARCODE,NONE,NO_ITEMS,BOTTOM,LEFT,CRUMPLED_1,CENTER,4
Storage-Receipt,Storage Receipt,MERCHANT_COPY,TOP,TOP,COLONS,EMPTY,NONE,HEADER|CUSTOM|CUSTOM|CUSTOM|ITEMS|PAYMENT|CUSTOM|DATE|BARCODE,ITEM>SUBTOTAL>TAX>TOTAL>TENDER>META>AUTH,PRESENT,BOTTOM,LEFT,CRUMPLED_1,CENTER,9
Subway-Receipt,Subway Receipt,MERCHANT_COPY,TOP,TOP,EMPTY,DASHES,NONE,HEADER|DATE|ITEMS|CUSTOM,ITEM>SUBTOTAL>TAX>TOTAL,PRESENT,NONE,LEFT,CRUMPLED_1,CENTER,4
Summer-Camp-Receipt,Summer Camp Receipt,MERCHANT_COPY,TOP,TOP,EMPTY,COLONS,NONE,HEADER|CUSTOM|ITEMS|PAYMENT|CUSTOM|BARCODE|DATE,ITEM>SUBTOTAL>TAX>TOTAL>TENDER>META>AUTH,PRESENT,MIDDLE,LEFT,CRUMPLED_1,CENTER,7
Sunglass-Hut-Receipt,Sunglass Hut Receipt,MERCHANT_COPY,TOP,TOP,DASHES,NONE,NONE,HEADER|CUSTOM|PAYMENT|PAYMENT|CUSTOM|CUSTOM|BARCODE,ITEM>DISCOUNT>SUBTOTAL>TAX>TOTAL>TENDER>AUTH,NO_ITEMS,BOTTOM,LEFT,CRUMPLED_1,CENTER,7
Super-Food-Aruba-Receipt,Super Food Aruba Receipt,MERCHANT_COPY,TOP,TOP,DASHES,NONE,NONE,HEADER|CUSTOM|PAYMENT|PAYMENT|PAYMENT|CUSTOM,SUBTOTAL>TOTAL>ITEM>CHANGE,NO_ITEMS,NONE,LEFT,CRUMPLED_1,CENTER,6
Super-King-Markets-Receipt,Super King Markets Receipt,MERCHANT_COPY,TOP,TOP,DASHES,EMPTY,PERCENT_50,HEADER|DATE|ITEMS|PAYMENT|CUSTOM,ITEM>SUBTOTAL>TAX>TOTAL>TENDER>CHANGE,PRESENT,NONE,LEFT,CRUMPLED_5,CENTER,5
Super-Metro-Receipt,Super Metro Receipt,MERCHANT_COPY,TOP,TOP,DASHES,NONE,NONE,HEADER|CUSTOM|CUSTOM|CUSTOM|CUSTOM|CUSTOM,NONE,NO_ITEMS,NONE,LEFT,CRUMPLED_1,CENTER,6
Superdrug-Receipt,Superdrug Receipt,FAKE_RECEIPT,TOP,TOP,EMPTY,EMPTY,NONE,HEADER|CUSTOM|ITEMS|CUSTOM|CUSTOM|CUSTOM,ITEM>SUBTOTAL>TAX>TOTAL,ABSENT,NONE,LEFT,CRUMPLED_1,CENTER,6
Superior-Grocers-Receipt,Superior Grocers Receipt,MERCHANT_COPY,TOP,TOP,NONE,DASHES,NONE,HEADER|CUSTOM|ITEMS|ITEMS|CUSTOM,ITEM,ABSENT,NONE,LEFT,CRUMPLED_1,CENTER,5
Supermarket-Receipt,Supermarket Receipt,MERCHANT_COPY,TOP,TOP,COLONS,DASHES,PERCENT_75,HEADER|CUSTOM|ITEMS|PAYMENT|CUSTOM|DATE|BARCODE,ITEM>SUBTOTAL>TAX>TOTAL>TENDER>META>AUTH,PRESENT,BOTTOM,LEFT,CRUMPLED_1,CENTER,7
Swatch-Receipt,Swatch Receipt,MERCHANT_COPY,TOP,TOP,EMPTY,NONE,NONE,HEADER|BARCODE|CUSTOM|CUSTOM|CUSTOM|CUSTOM|CUSTOM|CUSTOM,NONE,NO_ITEMS,MIDDLE,LEFT,CRUMPLED_1,CENTER,8
Swiggy-Receipt,Swiggy Receipt,MERCHANT_COPY,TOP,TOP,EMPTY,EMPTY,PERCENT_20,HEADER|CUSTOM|CUSTOM|CUSTOM|RESTAURANT|ITEMS|PAYMENT|CUSTOM,ITEM>TOTAL>TENDER>META>AUTH,PRESENT,NONE,LEFT,CRUMPLED_1,LEFT,8
Swiss-Chalet-Receipt,Swiss Chalet Receipt,MERCHANT_COPY,TOP,TOP,DASHES,NONE,NONE,HEADER|CUSTOM|CUSTOM|ITEMS|CUSTOM,ITEM,PRESENT,NONE,LEFT,CRUMPLED_1,CENTER,5
T-Mobile-Receipt,T Mobile Receipt,MERCHANT_COPY,TOP,TOP,DASHES,NONE,PERCENT_20,HEADER|CUSTOM|ITEMS|CUSTOM|CUSTOM|BARCODE|DATE,ITEM>SUBTOTAL>TAX>TOTAL,PRESENT,MIDDLE,LEFT,CRUMPLED_1,CENTER,7
TAB-Gida-Receipt,TAB Gıda Receipt,MERCHANT_COPY,TOP,MIDDLE,NONE,NONE,NONE,HEADER|HEADER|CUSTOM|ITEMS|ITEMS|CUSTOM,ITEM,ABSENT,NONE,LEFT,CRUMPLED_1,CENTER,6
TELUS-Mobile-Store-Receipt,TELUS Mobile Store Receipt,MERCHANT_COPY,TOP,TOP,DASHES,DASHES,NONE,HEADER|ITEMS|ITEMS|BARCODE|ITEMS|CUSTOM|PAYMENT|PAYMENT|ITEMS,ITEM>SUBTOTAL>TAX,PRESENT,MIDDLE,LEFT,CRUMPLED_1,CENTER,9
TGI-Fridays-Receipt,TGI Fridays Receipt,MERCHANT_COPY,TOP,NONE,DASHES,NONE,NONE,HEADER|CUSTOM|ITEMS|CUSTOM|ITEMS|BARCODE|CUSTOM|CUSTOM,ITEM,ABSENT,MIDDLE,LEFT,CRUMPLED_1,CENTER,8
THE-PORT-AUTHORITY-Receipt,THE PORT AUTHORITY Receipt,FAKE_RECEIPT,TOP,TOP,EMPTY,NONE,NONE,HEADER,NONE,NO_ITEMS,NONE,LEFT,CRUMPLED_1,LEFT,1
TJ-Maxx-Receipt,TJ Maxx Receipt,RECEIPTIONAL_RECEIPT,TOP,TOP,EMPTY,NONE,NONE,HEADER|ITEMS|PAYMENT|CUSTOM|BARCODE,ITEM>SUBTOTAL>TAX>TOTAL>TENDER>META,PRESENT,BOTTOM,UNSET,CRUMPLED_4,CENTER,5
Ta-Wan-Receipt,Ta Wan Receipt,MERCHANT_COPY,TOP,TOP,DASHES,DASHES,NONE,HEADER|CUSTOM|ITEMS|CUSTOM|PAYMENT|PAYMENT|CUSTOM,ITEM>SUBTOTAL>TIP>TOTAL,ABSENT,NONE,LEFT,CRUMPLED_1,CENTER,7
Taco-Bell-Receipt,Taco Bell Receipt,MERCHANT_COPY,TOP,TOP,DASHES,NONE,NONE,HEADER|CUSTOM|CUSTOM|CUSTOM|CUSTOM|CUSTOM|CUSTOM,NONE,NO_ITEMS,NONE,LEFT,CRUMPLED_1,LEFT,7
Taco-Cabana-Denton-Receipt,Taco Cabana Denton Receipt,UNSET,TOP,TOP,EQUALS,NONE,NONE,HEADER|PAYMENT|CUSTOM|CUSTOM|BARCODE|CUSTOM,ITEM>META>SUBTOTAL>TAX>TOTAL>TENDER>CHANGE,NO_ITEMS,MIDDLE,UNSET,UNSET,LEFT,6
Taco-John's-Galesburg-Receipt,Taco John's Galesburg Receipt,UNSET,TOP,TOP,NONE,NONE,NONE,HEADER|PAYMENT|CUSTOM|BARCODE|CUSTOM,META>ITEM>SUBTOTAL>TAX>TOTAL>TENDER,NO_ITEMS,MIDDLE,UNSET,UNSET,CENTER,5
Tailwind-Concessions-Receipt,Tailwind Concessions Receipt,MERCHANT_COPY,TOP,NONE,NONE,NONE,NONE,HEADER|CUSTOM|CUSTOM|ITEMS|CUSTOM|CUSTOM|BARCODE,ITEM,PRESENT,BOTTOM,LEFT,CRUMPLED_1,CENTER,7
Takko-Fashion-Receipt,Takko Fashion Receipt,MERCHANT_COPY,TOP,TOP,STARS,DASHES,NONE,HEADER|CUSTOM|CUSTOM|ITEMS|ITEMS|CUSTOM|ITEMS|ITEMS|CUSTOM|ITEMS|CUSTOM|CUSTOM|CUSTOM|BARCODE|CUSTOM,ITEM,ABSENT,MIDDLE,LEFT,CRUMPLED_1,CENTER,15
Taqueria-El-Muneco-Receipt,Taqueria El Muneco Receipt,MERCHANT_COPY,TOP,NONE,DASHES,NONE,NONE,HEADER|CUSTOM|PAYMENT|CUSTOM,ITEM>SUBTOTAL>TAX>TOTAL>TENDER>CHANGE,NO_ITEMS,NONE,LEFT,CRUMPLED_1,CENTER,4
Target-Australia-Receipt,Target Australia Receipt,MERCHANT_COPY,TOP,TOP,NONE,NONE,NONE,HEADER|CUSTOM|ITEMS|CUSTOM|CUSTOM|BARCODE|CUSTOM,ITEM,ABSENT,MIDDLE,LEFT,CRUMPLED_1,CENTER,7
Target-Receipt-example-with-Apple-Gift-Card-and-1-more-item-totalling-20-dollars,Target Receipt example with Apple Gift Card and 1 more item totalling 20 dollars,UNSET,TOP,TOP,EMPTY,NONE,NONE,HEADER|CUSTOM|ITEMS|PAYMENT|DATE|CUSTOM,ITEM>SUBTOTAL>TAX>TOTAL>TENDER>CHANGE,PRESENT,NONE,UNSET,UNSET,CENTER,6
Target-Receipt-example-with-GOTRAX-XP-Tour-Electric-Scooter-Cash-and-3-more-items-totalling-533-dollars-74-cents,"Target Receipt example with GOTRAX XP Tour Electric Scooter, Cash and 3 more items totalling 533 dollars 74 cents",UNSET,TOP,TOP,EMPTY,NONE,NONE,HEADER|CUSTOM|ITEMS|PAYMENT|DATE|CUSTOM,ITEM>SUBTOTAL>TAX>TOTAL>TENDER>CHANGE,PRESENT,NONE,UNSET,UNSET,CENTER,6
Target-Receipt-example-with-Lion-Mints-Debit-Card-and-3-more-items-totalling-21-dollars-29-cents,"Target Receipt example with Lion Mints, Debit Card and 3 more items totalling 21 dollars 29 cents",UNSET,TOP,TOP,EMPTY,EMPTY,NONE,HEADER|BARCODE|CUSTOM|ITEMS|PAYMENT|CUSTOM,ITEM>SUBTOTAL>TAX>TOTAL>TENDER>AUTH,ABSENT,MIDDLE,UNSET,CRUMPLED_4,CENTER,6
Target-Receipt-example-with-Sleeping-Bag-Camping-Tent-and-2-more-items-totalling-dollar529.17,"Target Receipt example with Sleeping Bag, Camping Tent and 2 more items totalling $529.17",UNSET,TOP,TOP,EMPTY,NONE,NONE,HEADER|CUSTOM|ITEMS|PAYMENT|DATE|CUSTOM,ITEM>SUBTOTAL>TAX>TOTAL>TENDER>AUTH,PRESENT,NONE,UNSET,UNSET,CENTER,6
Target-Receipt,Target Receipt,UNSET,TOP,TOP,EMPTY,NONE,NONE,HEADER|CUSTOM|ITEMS|PAYMENT|DATE|CUSTOM,ITEM>SUBTOTAL>TAX>TOTAL>TENDER>CHANGE,PRESENT,NONE,UNSET,UNSET,CENTER,6
Taxi-Ride-Receipt,Taxi Ride Receipt,UNSET,TOP,TOP,DASHES,NONE,NONE,HEADER|RESTAURANT|ITEMS|DATE|CUSTOM,META>ITEM>DISCOUNT>AUTH>SUBTOTAL>TAX>TOTAL,NO_ITEMS,NONE,UNSET,UNSET,CENTER,5
Tazik-Receipt,Tazik Receipt,MERCHANT_COPY,TOP,NONE,DASHES,NONE,NONE,HEADER|CUSTOM|PAYMENT|PAYMENT|CUSTOM|CUSTOM,ITEM>TOTAL,NO_ITEMS,NONE,LEFT,CRUMPLED_1,CENTER,6
Tesco-Metro-Grocery-Receipt,Tesco Metro Grocery Receipt,MERCHANT_COPY,TOP,TOP,EQUALS,EQUALS,NONE,HEADER|ITEMS|CUSTOM|ITEMS|CUSTOM|CUSTOM,ITEM,PRESENT,NONE,LEFT,CRUMPLED_1,CENTER,6
Tesco-Receipt,Tesco Receipt,MERCHANT_COPY,TOP,TOP,DASHES,DASHES,NONE,HEADER|ITEMS|CUSTOM|CUSTOM|BARCODE|CUSTOM|CUSTOM,ITEM>TENDER>CHANGE>TOTAL,ABSENT,MIDDLE,LEFT,CRUMPLED_1,CENTER,7
Texas-Roadhouse-Receipt,Texas Roadhouse Receipt,MERCHANT_COPY,TOP,TOP,EMPTY,EMPTY,NONE,HEADER|DATE|CUSTOM|ITEMS|CUSTOM,ITEM>SUBTOTAL>TAX>TOTAL,PRESENT,NONE,LEFT,CRUMPLED_1,CENTER,5
The-Armory-Receipt,The Armory Receipt,UNSET,TOP,NONE,NONE,NONE,NONE,HEADER|PAYMENT|CUSTOM,META>ITEM>SUBTOTAL>TAX>TOTAL>TIP,NO_ITEMS,NONE,UNSET,UNSET,CENTER,3
The-Beefeater-Spain-Receipt,The Beefeater Spain Receipt,MERCHANT_COPY,TOP,TOP,DASHES,DASHES,NONE,HEADER|ITEMS|ITEMS|ITEMS|ITEMS|ITEMS,ITEM,PRESENT,NONE,LEFT,CRUMPLED_1,LEFT,6
The-Body-Shop-Receipt,The Body Shop Receipt,FAKE_RECEIPT,TOP,TOP,DASHES,DASHES,NONE,HEADER|ITEMS|CUSTOM|CUSTOM|CUSTOM|CUSTOM,ITEM>SUBTOTAL>TAX>TOTAL,PRESENT,NONE,LEFT,CRUMPLED_1,CENTER,6
The-Cheesecake-Factory-Receipt,The Cheesecake Factory Receipt,MERCHANT_COPY,TOP,TOP,EMPTY,NONE,NONE,HEADER|CUSTOM|CUSTOM,NONE,NO_ITEMS,NONE,LEFT,CRUMPLED_4,LEFT,3
The-Cheesecake-Factory-Ross-Park-Receipt,The Cheesecake Factory Ross Park Receipt,MERCHANT_COPY,TOP,MIDDLE,NONE,NONE,NONE,HEADER|CUSTOM|ITEMS|ITEMS|CUSTOM|CUSTOM|HEADER|CUSTOM,ITEM>SUBTOTAL>TAX,ABSENT,NONE,LEFT,CRUMPLED_1,CENTER,8
The-Common-Market-Receipt,The Common Market Receipt,MERCHANT_COPY,TOP,TOP,DASHES,EMPTY,PERCENT_50,HEADER|DATE|ITEMS|PAYMENT|CUSTOM,ITEM>SUBTOTAL>TAX>TOTAL>TENDER>META>AUTH,PRESENT,NONE,LEFT,CRUMPLED_5,CENTER,5
The-Crosby-Receipt,The Crosby Receipt,MERCHANT_COPY,TOP,TOP,DASHES,DASHES,NONE,HEADER|DATE|RESTAURANT|ITEMS|PAYMENT|CUSTOM,ITEM>SUBTOTAL>TENDER,PRESENT,NONE,LEFT,CRUMPLED_1,CENTER,6
The-Flower-Shop-Receipt,The Flower Shop Receipt,MERCHANT_COPY,TOP,TOP,NONE,NONE,NONE,HEADER|CUSTOM|ITEMS|CUSTOM|CUSTOM|BARCODE|CUSTOM|CUSTOM|CUSTOM,ITEM,ABSENT,MIDDLE,LEFT,CRUMPLED_1,CENTER,9
The-Food-Warehouse-Receipt,The Food Warehouse Receipt,MERCHANT_COPY,TOP,TOP,NONE,NONE,NONE,HEADER|CUSTOM|RESTAURANT|ITEMS|ITEMS,ITEM,ABSENT,NONE,LEFT,CRUMPLED_1,CENTER,5
The-Gym-Group-Receipt,The Gym Group Receipt,MERCHANT_COPY,TOP,TOP,DASHES,DASHES,NONE,HEADER|ITEMS|ITEMS|CUSTOM|ITEMS|ITEMS,ITEM,ABSENT,NONE,LEFT,CRUMPLED_1,CENTER,6
The-Highwayman-Receipt,The Highwayman Receipt,MERCHANT_COPY,TOP,NONE,NONE,DASHES,NONE,HEADER|ITEMS|ITEMS|ITEMS|ITEMS|CUSTOM,ITEM,PRESENT,NONE,LEFT,CRUMPLED_1,CENTER,6
The-John-Hewitt-Pub-Receipt,The John Hewitt Pub Receipt,MERCHANT_COPY,TOP,NONE,DASHES,NONE,NONE,HEADER|ITEMS|CUSTOM|ITEMS|CUSTOM,ITEM,ABSENT,NONE,LEFT,CRUMPLED_1,CENTER,5
The-John-Hewitt-Receipt,The John Hewitt Receipt,MERCHANT_COPY,TOP,TOP,DASHES,DASHES,NONE,HEADER|ITEMS|ITEMS|CUSTOM,ITEM,ABSENT,NONE,LEFT,CRUMPLED_1,CENTER,4
The-Kathmandu-Restaurant-Receipt,The Kathmandu Restaurant Receipt,MERCHANT_COPY,TOP,TOP,DASHES,NONE,NONE,HEADER|CUSTOM|PAYMENT|CUSTOM,ITEM,NO_ITEMS,NONE,LEFT,CRUMPLED_1,CENTER,4
The-Kooples-Receipt,The Kooples Receipt,MERCHANT_COPY,TOP,TOP,DASHES,NONE,NONE,HEADER|CUSTOM|CUSTOM|CUSTOM|CUSTOM|CUSTOM|CUSTOM|BARCODE|CUSTOM,NONE,NO_ITEMS,MIDDLE,LEFT,CRUMPLED_1,CENTER,9
The-Loft-at-Picker's-Receipt,The Loft at Picker's Receipt,MERCHANT_COPY,TOP,TOP,NONE,NONE,NONE,HEADER|ITEMS|CUSTOM,ITEM,ABSENT,NONE,LEFT,CRUMPLED_1,CENTER,3
The-O2-Receipt,The O2 Receipt,MERCHANT_COPY,TOP,TOP,DASHES,NONE,NONE,HEADER|ITEMS|ITEMS|CUSTOM|BARCODE,ITEM>TAX>TOTAL,ABSENT,BOTTOM,LEFT,CRUMPLED_1,CENTER,5
The-Old-Manor-Receipt,The Old Manor Receipt,MERCHANT_COPY,TOP,NONE,NONE,DASHES,NONE,HEADER|ITEMS|ITEMS|ITEMS|CUSTOM|CUSTOM|ITEMS,ITEM,ABSENT,NONE,LEFT,CRUMPLED_1,CENTER,7
The-Pack-Horse-Receipt,The Pack Horse Receipt,MERCHANT_COPY,NONE,NONE,DASHES,DASHES,NONE,CUSTOM|ITEMS|ITEMS|ITEMS|ITEMS|CUSTOM,ITEM,ABSENT,NONE,LEFT,CRUMPLED_1,UNSET,6
The-Snowdrop-Inn-Receipt,The Snowdrop Inn Receipt,MERCHANT_COPY,TOP,NONE,EQUALS,EQUALS,NONE,HEADER|ITEMS|CUSTOM|ITEMS|CUSTOM,ITEM,ABSENT,NONE,LEFT,CRUMPLED_1,CENTER,5
The-Swan-at-Walton-Receipt,The Swan at Walton Receipt,MERCHANT_COPY,TOP,NONE,NONE,NONE,NONE,HEADER|ITEMS|CUSTOM,ITEM,ABSENT,NONE,LEFT,CRUMPLED_1,LEFT,3
The-UPS-Store-Receipt,The UPS Store Receipt,MERCHANT_COPY,TOP,TOP,NONE,NONE,NONE,HEADER|CUSTOM,NONE,NO_ITEMS,NONE,LEFT,CRUMPLED_1,CENTER,2
The-Whistle-Receipt,The Whistle Receipt,MERCHANT_COPY,TOP,TOP,NONE,NONE,NONE,HEADER|ITEMS|CUSTOM,ITEM,ABSENT,NONE,LEFT,CRUMPLED_1,CENTER,3
Therapy-Receipt,Therapy Receipt,MERCHANT_COPY,TOP,TOP,DASHES,NONE,PERCENT_20,HEADER|BARCODE|CUSTOM|CUSTOM|CUSTOM|CUSTOM|ITEMS|PAYMENT|CUSTOM|DATE,ITEM>SUBTOTAL>TAX>TOTAL>TENDER>META>AUTH,PRESENT,MIDDLE,LEFT,CRUMPLED_1,CENTER,10
Three-(Three.co.uk)-Receipt,Three (Three.co.uk) Receipt,MERCHANT_COPY,TOP,TOP,DASHES,DASHES,NONE,HEADER|CUSTOM|ITEMS|CUSTOM,ITEM>TOTAL,PRESENT,NONE,LEFT,CRUMPLED_1,CENTER,4
Three-Ireland-Receipt,Three Ireland Receipt,MERCHANT_COPY,TOP,TOP,NONE,DASHES,NONE,HEADER|ITEMS|ITEMS|CUSTOM,ITEM,ABSENT,NONE,LEFT,CRUMPLED_1,CENTER,4
Thrifty-Foods-Receipt,Thrifty Foods Receipt,MERCHANT_COPY,TOP,TOP,DASHES,NONE,NONE,HEADER|CUSTOM|ITEMS|ITEMS|CUSTOM|ITEMS|CUSTOM,ITEM>SUBTOTAL>TOTAL,PRESENT,NONE,LEFT,CRUMPLED_1,CENTER,7
Tim-Hortons-Receipt,Tim Hortons Receipt,MERCHANT_COPY,TOP,TOP,DASHES,DASHES,PERCENT_50,HEADER|CUSTOM|ITEMS|PAYMENT|CUSTOM,ITEM>SUBTOTAL>TAX>TOTAL>TENDER>META>AUTH,PRESENT,NONE,LEFT,CRUMPLED_1,CENTER,5
Tire-Shop-Receipt,Tire Shop Receipt,MERCHANT_COPY,TOP,TOP,COLONS,EMPTY,PERCENT_50,HEADER|CUSTOM|ITEMS|PAYMENT|CUSTOM|DATE|BARCODE,ITEM>SUBTOTAL>TAX>TOTAL>TENDER>META>AUTH,PRESENT,BOTTOM,LEFT,CRUMPLED_1,CENTER,7
Toby-Carvery-Receipt,Toby Carvery Receipt,MERCHANT_COPY,TOP,NONE,DASHES,DASHES,NONE,HEADER|ITEMS|ITEMS|CUSTOM|CUSTOM|CUSTOM,ITEM,ABSENT,NONE,LEFT,CRUMPLED_1,CENTER,6
Tokyo-Shokudo-Receipt,Tokyo Shokudo Receipt,MERCHANT_COPY,TOP,TOP,NONE,NONE,NONE,HEADER|ITEMS|CUSTOM,ITEM,ABSENT,NONE,LEFT,CRUMPLED_1,CENTER,3
Tom-Thumb-Receipt,Tom Thumb Receipt,MERCHANT_COPY,TOP,TOP,DASHES,DASHES,NONE,HEADER|BARCODE|CUSTOM|CUSTOM|ITEMS|ITEMS|ITEMS|CUSTOM,ITEM,ABSENT,MIDDLE,LEFT,CRUMPLED_1,CENTER,8
Tommy-Hilfiger-Receipt,Tommy Hilfiger Receipt,MERCHANT_COPY,TOP,TOP,NONE,NONE,NONE,HEADER|CUSTOM|ITEMS|CUSTOM|CUSTOM,ITEM,ABSENT,NONE,LEFT,CRUMPLED_1,CENTER,5
Tony-Roma's-Receipt,Tony Roma’s Receipt,RECEIPTIONAL_RECEIPT,TOP,TOP,DASHES,DASHES,PERCENT_20,HEADER|RESTAURANT|ITEMS|PAYMENT|CUSTOM,ITEM,PRESENT,NONE,RIGHT,CRUMPLED_1,LEFT,5
Torchy's-Tacos-Receipt,Torchy's Tacos Receipt,MERCHANT_COPY,TOP,TOP,DASHES,NONE,NONE,HEADER|PAYMENT|CUSTOM|CUSTOM|PAYMENT|CUSTOM|BARCODE|CUSTOM,ITEM>SUBTOTAL>TOTAL,NO_ITEMS,MIDDLE,LEFT,CRUMPLED_1,CENTER,8
Total-Wine-and-More-Receipt,Total Wine & More Receipt,MERCHANT_COPY,TOP,TOP,EMPTY,NONE,NONE,HEADER|CUSTOM|CUSTOM|CUSTOM,NONE,NO_ITEMS,NONE,LEFT,CRUMPLED_1,CENTER,4
Towing-Receipt,Towing Receipt,MERCHANT_COPY,TOP,TOP,STARS,STARS,NONE,HEADER|CUSTOM|CUSTOM|ITEMS|PAYMENT|CUSTOM|BARCODE,ITEM>SUBTOTAL>TAX>TOTAL>TENDER>META>AUTH,PRESENT,BOTTOM,LEFT,CRUMPLED_1,CENTER,7
Town-and-Country-Receipt,Town & Country Receipt,MERCHANT_COPY,TOP,TOP,DASHES,DASHES,NONE,HEADER|ITEMS|CUSTOM|CUSTOM,ITEM,ABSENT,NONE,LEFT,CRUMPLED_1,CENTER,4
Tractor-Supply-Co-Receipt,Tractor Supply Co Receipt,MERCHANT_COPY,TOP,TOP,DASHES,DASHES,NONE,HEADER|DATE|ITEMS|CUSTOM,ITEM>SUBTOTAL>TAX>TOTAL>TENDER>CHANGE,ABSENT,NONE,LEFT,CRUMPLED_1,CENTER,4
Trader-Joe's-Receipt,Trader Joe's Receipt,MERCHANT_COPY,TOP,TOP,EMPTY,EMPTY,NONE,HEADER|ITEMS|DATE|CUSTOM,ITEM>SUBTOTAL>TAX>TOTAL,PRESENT,NONE,LEFT,CRUMPLED_1,CENTER,4
Transportation-Receipt,Transportation Receipt,MERCHANT_COPY,TOP,TOP,COLONS,NONE,NONE,HEADER|CUSTOM|CUSTOM|CUSTOM|ITEMS|PAYMENT|CUSTOM|DATE|BARCODE,ITEM>SUBTOTAL>TAX>TOTAL>TENDER>META>AUTH,PRESENT,BOTTOM,LEFT,CRUMPLED_1,CENTER,9
Tropical-Smoothie-Cafe-Receipt,Tropical Smoothie Cafe Receipt,MERCHANT_COPY,TOP,NONE,DASHES,DASHES,NONE,HEADER|CUSTOM|ITEMS|CUSTOM|ITEMS|CUSTOM|CUSTOM,ITEM,PRESENT,NONE,LEFT,CRUMPLED_1,CENTER,7
True-Value-Receipt,True Value Receipt,MERCHANT_COPY,TOP,TOP,EMPTY,NONE,NONE,HEADER|CUSTOM|CUSTOM|BARCODE|CUSTOM,NONE,NO_ITEMS,MIDDLE,LEFT,CRUMPLED_1,CENTER,5
Tuesday-Morning-Receipt,Tuesday Morning Receipt,MERCHANT_COPY,TOP,TOP,NONE,NONE,NONE,HEADER|ITEMS|CUSTOM,ITEM>TOTAL,ABSENT,NONE,LEFT,CRUMPLED_1,CENTER,3
Turtle-Bay-Receipt,Turtle Bay Receipt,MERCHANT_COPY,TOP,TOP,STARS,DASHES,NONE,HEADER|ITEMS|ITEMS|CUSTOM|CUSTOM|CUSTOM|CUSTOM|CUSTOM|CUSTOM,ITEM,PRESENT,NONE,LEFT,CRUMPLED_1,CENTER,9
Tutoring-Receipt,Tutoring Receipt,MERCHANT_COPY,TOP,TOP,DASHES,DOTS,NONE,HEADER|CUSTOM|DATE|CUSTOM|CUSTOM|ITEMS|PAYMENT|BARCODE,ITEM>SUBTOTAL>TAX>TOTAL>TENDER>META>AUTH,PRESENT,BOTTOM,LEFT,CRUMPLED_1,CENTER,8
Tuuk-Eatery-Receipt,Tuuk Eatery Receipt,MERCHANT_COPY,TOP,TOP,DASHES,NONE,NONE,HEADER|CUSTOM|ITEMS|CUSTOM,ITEM>SUBTOTAL>TOTAL>TENDER,ABSENT,NONE,LEFT,CRUMPLED_1,CENTER,4
UNIQLO-Receipt,UNIQLO Receipt,MERCHANT_COPY,TOP,TOP,EMPTY,EMPTY,NONE,HEADER|CUSTOM|ITEMS|PAYMENT|CUSTOM|BARCODE|CUSTOM|CUSTOM,ITEM>SUBTOTAL>TAX>TOTAL>TENDER>CHANGE,PRESENT,MIDDLE,LEFT,CRUMPLED_1,CENTER,8
UPS-Shipping-Receipt,UPS Shipping Receipt,MERCHANT_COPY,TOP,TOP,DASHES,EMPTY,PERCENT_50,HEADER|DATE|CUSTOM|CUSTOM|CUSTOM|CUSTOM|CUSTOM|ITEMS|CUSTOM,ITEM>SUBTOTAL>TOTAL,ABSENT,NONE,LEFT,CRUMPLED_1,LEFT,9
USPS-Receipt,USPS Receipt,MERCHANT_COPY,TOP,TOP,DASHES,NONE,NONE,HEADER|DATE|CUSTOM|CUSTOM|CUSTOM|CUSTOM|CUSTOM|CUSTOM|CUSTOM|BARCODE|CUSTOM|CUSTOM,NONE,NO_ITEMS,MIDDLE,LEFT,CRUMPLED_3,CENTER,12
Uber-Receipt,Uber Receipt,MERCHANT_COPY,TOP,TOP,DASHES,DASHES,NONE,HEADER|DATE|CUSTOM|CUSTOM|ITEMS|CUSTOM|PAYMENT,ITEM>SUBTOTAL>TOTAL>TENDER>META>AUTH,ABSENT,NONE,LEFT,CRUMPLED_1,CENTER,7
Ulta-Beauty-Receipt,Ulta Beauty Receipt,MERCHANT_COPY,TOP,TOP,EMPTY,NONE,NONE,HEADER|DATE|CUSTOM|CUSTOM,NONE,NO_ITEMS,NONE,LEFT,CRUMPLED_1,CENTER,4
Uncle-Paul's-Pizza-Receipt,Uncle Paul's Pizza Receipt,MERCHANT_COPY,TOP,NONE,DASHES,DASHES,NONE,HEADER|CUSTOM|CUSTOM|ITEMS|CUSTOM|ITEMS|CUSTOM|CUSTOM|CUSTOM|ITEMS|ITEMS|CUSTOM,ITEM>SUBTOTAL>TAX>TOTAL>TIP,ABSENT,NONE,LEFT,CRUMPLED_1,CENTER,12
Uncle-Willies-Grocery-Receipt,Uncle Willies Grocery Receipt,MERCHANT_COPY,TOP,TOP,NONE,NONE,NONE,HEADER|CUSTOM|ITEMS|CUSTOM,ITEM,ABSENT,NONE,LEFT,CRUMPLED_1,CENTER,4
Under-Armour-Receipt,Under Armour Receipt,MERCHANT_COPY,TOP,TOP,EMPTY,NONE,NONE,HEADER|CUSTOM|CUSTOM|CUSTOM|CUSTOM,NONE,NO_ITEMS,NONE,LEFT,CRUMPLED_1,CENTER,5
Unieuro-Receipt,Unieuro Receipt,MERCHANT_COPY,TOP,TOP,NONE,NONE,NONE,HEADER|CUSTOM|ITEMS|BARCODE|CUSTOM|ITEMS|CUSTOM,ITEM,ABSENT,MIDDLE,LEFT,CRUMPLED_1,CENTER,7
Urban-Outfitters-Receipt,Urban Outfitters Receipt,MERCHANT_COPY,TOP,TOP,DASHES,DASHES,NONE,HEADER|ITEMS|CUSTOM|BARCODE|CUSTOM|ITEMS|CUSTOM|ITEMS|CUSTOM,ITEM,ABSENT,MIDDLE,LEFT,CRUMPLED_1,CENTER,9
Valentino-Boutique-Receipt,Valentino Boutique Receipt,FAKE_RECEIPT,TOP,TOP,EMPTY,EMPTY,PERCENT_20,HEADER|CUSTOM|RESTAURANT|ITEMS|DATE|CUSTOM|CUSTOM|CUSTOM|PAYMENT|BARCODE|CUSTOM|CUSTOM,ITEM,PRESENT,MIDDLE,LEFT,CRUMPLED_1,CENTER,12
Valero-Gas-Station-Receipt,Valero Gas Station Receipt,MERCHANT_COPY,TOP,NONE,NONE,NONE,NONE,HEADER|CUSTOM|CUSTOM|ITEMS|ITEMS|CUSTOM,ITEM>SUBTOTAL>TAX>TOTAL>CHANGE,ABSENT,NONE,LEFT,CRUMPLED_1,CENTER,6
Vallarta-Supermarkets-Receipt,Vallarta Supermarkets Receipt,MERCHANT_COPY,TOP,TOP,NONE,NONE,NONE,HEADER|ITEMS|CUSTOM|ITEMS|CUSTOM|ITEMS|CUSTOM,ITEM,ABSENT,NONE,LEFT,CRUMPLED_1,CENTER,7
Van's-Burgers-Receipt,Van's Burgers Receipt,MERCHANT_COPY,NONE,NONE,NONE,NONE,NONE,CUSTOM|ITEMS|CUSTOM,ITEM,ABSENT,NONE,LEFT,CRUMPLED_1,UNSET,3
Vans-Receipt,Vans Receipt,MERCHANT_COPY,TOP,TOP,EMPTY,EMPTY,NONE,HEADER|CUSTOM|ITEMS|PAYMENT|CUSTOM|CUSTOM,ITEM>SUBTOTAL>TAX>TOTAL>TENDER>CHANGE,ABSENT,NONE,LEFT,CRUMPLED_1,LEFT,6
Vapiano-Receipt,Vapiano Receipt,MERCHANT_COPY,TOP,TOP,NONE,NONE,NONE,HEADER|CUSTOM|ITEMS|CUSTOM,ITEM>TOTAL>TAX>TENDER,PRESENT,NONE,LEFT,CRUMPLED_1,CENTER,4
Veerman-Juwelen-Receipt,Veerman Juwelen Receipt ,RECEIPTIONAL_RECEIPT,TOP,TOP,DASHES,NONE,NONE,HEADER|CUSTOM|CUSTOM|CUSTOM|CUSTOM|CUSTOM|CUSTOM|CUSTOM|CUSTOM|CUSTOM|CUSTOM|CUSTOM|CUSTOM|HEADER|CUSTOM|CUSTOM,NONE,NO_ITEMS,NONE,LEFT,CRUMPLED_1,CENTER,16
Vege-Mart-Grocery-Receipt,Vege Mart Grocery Receipt,MERCHANT_COPY,TOP,TOP,DASHES,DASHES,NONE,HEADER|ITEMS|CUSTOM|ITEMS|ITEMS|ITEMS|CUSTOM|CUSTOM,ITEM,ABSENT,NONE,LEFT,CRUMPLED_1,RIGHT,8
Verizon-Receipt,Verizon Receipt,MERCHANT_COPY,TOP,TOP,STARS,NONE,NONE,HEADER|CUSTOM|CUSTOM|CUSTOM|ITEMS|CUSTOM|CUSTOM|BARCODE,ITEM>SUBTOTAL>TAX>TOTAL,PRESENT,BOTTOM,LEFT,CRUMPLED_1,CENTER,8
Vet-Receipt,Vet Receipt,MERCHANT_COPY,TOP,TOP,STARS,COLONS,PERCENT_20,HEADER|DATE|CUSTOM|CUSTOM|ITEMS|PAYMENT|CUSTOM|BARCODE,ITEM>SUBTOTAL>TAX>TOTAL>TENDER>META>AUTH,PRESENT,BOTTOM,LEFT,CRUMPLED_1,CENTER,8
Victoria's-Secret-Receipt,Victoria’s Secret Receipt,MERCHANT_COPY,TOP,TOP,DASHES,NONE,NONE,HEADER|DATE|RESTAURANT|CUSTOM|BARCODE|CUSTOM|CUSTOM|CUSTOM|CUSTOM|CUSTOM,ITEM>META,NO_ITEMS,MIDDLE,LEFT,CRUMPLED_1,CENTER,10
Visions-Electronics-Receipt,Visions Electronics Receipt ,MERCHANT_COPY,TOP,TOP,DASHES,EMPTY,NONE,HEADER|DATE|CUSTOM|ITEMS|PAYMENT|BARCODE,SUBTOTAL>TAX>TOTAL>TENDER>META>AUTH>ITEM,NO_ITEMS,BOTTOM,LEFT,CRUMPLED_1,CENTER,6
Visionworks-Receipt,Visionworks Receipt,MERCHANT_COPY,TOP,NONE,NONE,NONE,NONE,HEADER|CUSTOM|PAYMENT|CUSTOM|CUSTOM,TENDER>ITEM,NO_ITEMS,NONE,LEFT,CRUMPLED_1,CENTER,5
Vodafone-Receipt,Vodafone Receipt ,MERCHANT_COPY,TOP,TOP,DASHES,NONE,NONE,HEADER|CUSTOM|BARCODE|CUSTOM|CUSTOM|CUSTOM|CUSTOM,NONE,NO_ITEMS,MIDDLE,LEFT,CRUMPLED_1,CENTER,7
Vons-Receipt-example-with-Broccoli-Cereal-Honey-Oats-Penne-Pasta-Eggs-Chicken-Breast-Toilet-Paper-Tomatoes-Bottled-Water-Orange-Juice-Apples-and-Skyy-Vodka-totalling-58-dollars-81-cents,Vons Receipt example with Broccoli Cereal Honey Oats Penne Pasta Eggs Chicken Breast Toilet Paper Tomatoes Bottled Water Orange Juice Apples and Skyy Vodka totalling 58 dollars 81 cents,MERCHANT_COPY,TOP,TOP,DASHES,NONE,PERCENT_20,HEADER|DATE|CUSTOM|ITEMS|CUSTOM|CUSTOM,ITEM>TAX>TOTAL,PRESENT,NONE,LEFT,CRUMPLED_1,CENTER,6
Vons-Receipt,Vons Receipt,MERCHANT_COPY,TOP,TOP,DASHES,NONE,NONE,HEADER|CUSTOM|ITEMS|CUSTOM|BARCODE|CUSTOM,ITEM>TAX>TOTAL,PRESENT,MIDDLE,LEFT,CRUMPLED_1,CENTER,6
Waffle-House-Receipt,Waffle House Receipt,MERCHANT_COPY,TOP,NONE,DASHES,NONE,NONE,HEADER|CUSTOM|CUSTOM|CUSTOM|ITEMS|ITEMS|CUSTOM,ITEM,PRESENT,NONE,LEFT,CRUMPLED_1,CENTER,7
Wagamama-Receipt,Wagamama Receipt,MERCHANT_COPY,TOP,TOP,DASHES,NONE,NONE,HEADER|CUSTOM|ITEMS|CUSTOM|ITEMS|CUSTOM|CUSTOM,ITEM,PRESENT,NONE,LEFT,CRUMPLED_1,CENTER,7
Waitrose-and-Partners-Receipt,Waitrose & Partners Receipt,MERCHANT_COPY,TOP,TOP,NONE,NONE,NONE,HEADER|CUSTOM|ITEMS|CUSTOM,ITEM>CHANGE,PRESENT,NONE,LEFT,CRUMPLED_1,CENTER,4
Walgreens-Receipt-example-with-FSA-RX-2378541-FSA-RX-2378542-and-1-more-items-totalling-304-dollars-22-cents,"Walgreens Receipt example with FSA RX 2378541, FSA RX 2378542 and 1 more items totalling 304 dollars 22 cents",UNSET,TOP,TOP,EMPTY,NONE,PERCENT_10,HEADER|CUSTOM|ITEMS|PAYMENT|DATE|CUSTOM,ITEM>SUBTOTAL>TOTAL>TENDER>AUTH,PRESENT,NONE,UNSET,UNSET,CENTER,6
Walgreens-Receipt-example-with-Fluticasone-Inhaler-Air-Physio-and-1-more-items-totalling-dollar216.29,"Walgreens Receipt example with Fluticasone Inhaler, Air Physio and 1 more items totalling $216.29",UNSET,TOP,TOP,EMPTY,DASHES,PERCENT_10,HEADER|CUSTOM|ITEMS|PAYMENT|DATE|CUSTOM,ITEM>SUBTOTAL>TAX>TOTAL>TENDER>META>AUTH,PRESENT,NONE,UNSET,UNSET,CENTER,6
Walgreens-Receipt-example-with-Nicorette-Inhaler-Nicoderm-and-2-more-items-totalling-97-dollars-40-cents,"Walgreens Receipt example with Nicorette Inhaler, Nicoderm and 2 more items totalling 97 dollars 40 cents",UNSET,TOP,TOP,EMPTY,DASHES,PERCENT_10,HEADER|ITEMS|PAYMENT|DATE|CUSTOM,ITEM>SUBTOTAL>TAX>TOTAL>TENDER>META>AUTH,PRESENT,NONE,UNSET,UNSET,CENTER,5
Walgreens-Receipt,Walgreens Receipt,UNSET,TOP,TOP,EMPTY,NONE,NONE,HEADER|CUSTOM|ITEMS|PAYMENT|DATE|CUSTOM,ITEM>SUBTOTAL>TAX>TOTAL>TENDER>CHANGE,PRESENT,NONE,UNSET,UNSET,CENTER,6
Walmart-Receipt-example-with-Blue-Buffalo-wet-dog-food-and-3-more-items-totalling-dollar9.71,Walmart Receipt example with Blue Buffalo wet dog food and 3 more items totalling $9.71,UNSET,MIDDLE,MIDDLE,EMPTY,NONE,NONE,CUSTOM|HEADER|CUSTOM|ITEMS|PAYMENT|DATE|CUSTOM,ITEM>SUBTOTAL>TAX>TOTAL>TENDER>CHANGE,PRESENT,NONE,UNSET,UNSET,CENTER,7
Walmart-Receipt-example-with-Blue-Dental-Bones-Small-12oz-and-1-more-item-totalling-16-dollars-70-cents,Walmart Receipt example with Blue Dental Bones Small 12oz and 1 more item totalling 16 dollars 70 cents,UNSET,MIDDLE,MIDDLE,EMPTY,NONE,NONE,CUSTOM|HEADER|CUSTOM|ITEMS|PAYMENT|DATE|CUSTOM,ITEM>SUBTOTAL>TAX>TOTAL>TENDER>META>AUTH,PRESENT,NONE,UNSET,UNSET,CENTER,7
Walmart-Receipt-example-with-Grilled-Beef-Sides-and-19-more-items-totalling-dollar94.30,"Walmart Receipt example with Grilled Beef, Sides and 19 more items totalling $94.30",MERCHANT_COPY,MIDDLE,MIDDLE,NONE,NONE,NONE,CUSTOM|HEADER|CUSTOM|CUSTOM,NONE,NO_ITEMS,NONE,UNSET,CRUMPLED_5,CENTER,4
Walmart-Receipt-example-with-Tide-Rescue-Stain-Remover-Shebe-Wet-Cat-Food-and-2-more-items-totalling-dollar281.37,"Walmart Receipt example with Tide Rescue Stain Remover, Shebe Wet Cat Food, and 2 more items totalling $281.37",UNSET,MIDDLE,MIDDLE,EMPTY,DASHES,NONE,CUSTOM|HEADER|CUSTOM|ITEMS|PAYMENT|DATE|CUSTOM,ITEM>SUBTOTAL>TAX>TOTAL>TENDER>CHANGE,PRESENT,NONE,UNSET,UNSET,CENTER,7
Walmart-Receipt,Walmart Receipt,UNSET,MIDDLE,MIDDLE,EMPTY,NONE,NONE,CUSTOM|HEADER|CUSTOM|ITEMS|PAYMENT|DATE|CUSTOM,ITEM>SUBTOTAL>TAX>TOTAL>TENDER>CHANGE,PRESENT,NONE,UNSET,UNSET,CENTER,7
Warehouse-Receipt,Warehouse Receipt,MERCHANT_COPY,TOP,TOP,STARS,NONE,NONE,HEADER|CUSTOM|CUSTOM|CUSTOM|ITEMS|PAYMENT|CUSTOM|DATE|BARCODE,ITEM>SUBTOTAL>TAX>TOTAL>TENDER>META>AUTH,PRESENT,BOTTOM,LEFT,CRUMPLED_1,CENTER,9
Warehouse-Stationery-Receipt,Warehouse Stationery Receipt,MERCHANT_COPY,TOP,TOP,NONE,NONE,NONE,HEADER|CUSTOM|CUSTOM|PAYMENT|CUSTOM|PAYMENT|CUSTOM,ITEM>AUTH>TENDER>TOTAL,NO_ITEMS,NONE,LEFT,CRUMPLED_1,CENTER,7
Warung-Nasi-Alam-Sunda-Receipt,Warung Nasi Alam Sunda Receipt,MERCHANT_COPY,TOP,TOP,DASHES,DASHES,NONE,HEADER|ITEMS|ITEMS|CUSTOM,ITEM,ABSENT,NONE,LEFT,CRUMPLED_1,CENTER,4
Warung-Rahit-GS-Receipt,Warung Rahit GS Receipt,MERCHANT_COPY,TOP,NONE,NONE,DASHES,NONE,HEADER|CUSTOM|ITEMS|ITEMS|ITEMS|CUSTOM,ITEM,ABSENT,NONE,LEFT,CRUMPLED_1,CENTER,6
Wasabi-Receipt,Wasabi Receipt,MERCHANT_COPY,TOP,TOP,NONE,DASHES,NONE,HEADER|ITEMS|ITEMS|ITEMS|ITEMS|ITEMS|CUSTOM|ITEMS|CUSTOM,ITEM,PRESENT,NONE,LEFT,CRUMPLED_1,CENTER,9
Wawa-Receipt,Wawa Receipt,MERCHANT_COPY,TOP,NONE,STARS,DASHES,NONE,HEADER|ITEMS|CUSTOM|ITEMS|CUSTOM|CUSTOM|CUSTOM,ITEM,ABSENT,NONE,LEFT,CRUMPLED_1,CENTER,7
Wegmans-Receipt,Wegmans Receipt,MERCHANT_COPY,TOP,TOP,EMPTY,EMPTY,NONE,HEADER|CUSTOM|CUSTOM|ITEMS|PAYMENT|CUSTOM,ITEM>SUBTOTAL>TAX>TOTAL>TENDER>CHANGE,PRESENT,NONE,LEFT,CRUMPLED_1,CENTER,6
Wendy's-Receipt,Wendy’s Receipt,MERCHANT_COPY,TOP,NONE,DASHES,NONE,NONE,HEADER|CUSTOM,NONE,NO_ITEMS,NONE,LEFT,CRUMPLED_1,CENTER,2
West-Elm-Store-Receipt,West Elm Store Receipt,MERCHANT_COPY,TOP,TOP,EMPTY,EMPTY,NONE,HEADER|DATE|ITEMS|CUSTOM|CUSTOM,ITEM>SUBTOTAL>TAX>TOTAL,ABSENT,NONE,LEFT,CRUMPLED_1,CENTER,5
Wetherspoons-Receipt,Wetherspoons Receipt,MERCHANT_COPY,TOP,NONE,DASHES,DASHES,NONE,HEADER|ITEMS|CUSTOM|CUSTOM|ITEMS|CUSTOM,ITEM,PRESENT,NONE,LEFT,CRUMPLED_1,CENTER,6
Whataburger-Receipt,Whataburger Receipt,MERCHANT_COPY,TOP,TOP,EMPTY,EMPTY,NONE,HEADER|CUSTOM|CUSTOM|CUSTOM|ITEMS|PAYMENT|CUSTOM,ITEM>SUBTOTAL>TAX>TOTAL>TENDER>CHANGE,PRESENT,NONE,LEFT,CRUMPLED_1,CENTER,7
Which-Wich-Receipt,Which Wich Receipt,MERCHANT_COPY,TOP,NONE,NONE,NONE,NONE,HEADER|CUSTOM|ITEMS|ITEMS,ITEM,PRESENT,NONE,LEFT,CRUMPLED_1,CENTER,4
White-Castle-Receipt,White Castle Receipt,MERCHANT_COPY,TOP,NONE,NONE,NONE,NONE,HEADER|ITEMS|CUSTOM,ITEM>SUBTOTAL>TAX>TOTAL>TENDER,ABSENT,NONE,LEFT,CRUMPLED_1,CENTER,3
White-Spot-Restaurant-Receipt,White Spot Restaurant Receipt,MERCHANT_COPY,MIDDLE,NONE,EQUALS,EQUALS,NONE,CUSTOM|HEADER|CUSTOM|ITEMS|ITEMS|CUSTOM,ITEM>META,PRESENT,NONE,LEFT,CRUMPLED_1,LEFT,6
Whole-Foods-Market-Grocery-Store-Receipt,Whole Foods Market - Grocery Store Receipt,MERCHANT_COPY,TOP,TOP,DASHES,NONE,NONE,HEADER|DATE|ITEMS|PAYMENT|CUSTOM|BARCODE|CUSTOM,ITEM>SUBTOTAL>TAX>TOTAL>TENDER>META>AUTH,PRESENT,MIDDLE,LEFT,CRUMPLED_1,CENTER,7
Wickes-Receipt,Wickes Receipt,MERCHANT_COPY,TOP,TOP,NONE,DASHES,NONE,HEADER|ITEMS|ITEMS|ITEMS|CUSTOM|ITEMS|CUSTOM,ITEM,ABSENT,NONE,LEFT,CRUMPLED_1,CENTER,7
Wienerwald-Receipt,Wienerwald Receipt,MERCHANT_COPY,TOP,TOP,DASHES,DASHES,NONE,HEADER|ITEMS|ITEMS|PAYMENT|CUSTOM|CUSTOM,ITEM,ABSENT,NONE,LEFT,CRUMPLED_1,CENTER,6
Willy-McCoy's-Receipt,Willy McCoy's Receipt,MERCHANT_COPY,TOP,TOP,NONE,DASHES,NONE,HEADER|ITEMS|ITEMS|CUSTOM,ITEM,ABSENT,NONE,LEFT,CRUMPLED_1,CENTER,4
WinCo-Foods-Grocery-Receipt,WinCo Foods Grocery Receipt,MERCHANT_COPY,TOP,TOP,NONE,NONE,NONE,HEADER|ITEMS|CUSTOM|CUSTOM,ITEM>SUBTOTAL>TAX>TOTAL,PRESENT,NONE,LEFT,CRUMPLED_1,CENTER,4
Wingstop-USA-Receipt,Wingstop USA Receipt,MERCHANT_COPY,TOP,TOP,DASHES,NONE,NONE,HEADER|ITEMS|CUSTOM|ITEMS|CUSTOM|CUSTOM|CUSTOM|CUSTOM,ITEM,ABSENT,NONE,LEFT,CRUMPLED_1,CENTER,8
Winn-Dixie-Receipt,Winn-Dixie Receipt,MERCHANT_COPY,TOP,TOP,NONE,NONE,NONE,HEADER|CUSTOM|BARCODE|CUSTOM|CUSTOM|CUSTOM|ITEMS|CUSTOM,ITEM,ABSENT,MIDDLE,LEFT,CRUMPLED_1,CENTER,8
Wizzmie-Receipt,Wizzmie Receipt,MERCHANT_COPY,TOP,TOP,DASHES,DASHES,NONE,HEADER|CUSTOM|ITEMS|PAYMENT|CUSTOM,ITEM>SUBTOTAL>TAX>TOTAL>TENDER>CHANGE,PRESENT,NONE,LEFT,CRUMPLED_1,CENTER,5
Woodman's-Markets-Receipt,Woodman's Markets Receipt,MERCHANT_COPY,TOP,TOP,DASHES,DASHES,NONE,HEADER|CUSTOM|ITEMS|CUSTOM|ITEMS|BARCODE|CUSTOM|CUSTOM,ITEM,ABSENT,MIDDLE,LEFT,CRUMPLED_1,LEFT,8
Woolworths-Barkly-Square-Grocery-Receipt,Woolworths Barkly Square Grocery Receipt,MERCHANT_COPY,TOP,TOP,NONE,NONE,NONE,HEADER|ITEMS|CUSTOM,ITEM,PRESENT,NONE,LEFT,CRUMPLED_1,CENTER,3
Woolworths-Grocery-Receipt,Woolworths Grocery Receipt,MERCHANT_COPY,TOP,TOP,NONE,NONE,NONE,HEADER|ITEMS|CUSTOM|CUSTOM|CUSTOM,ITEM,ABSENT,NONE,LEFT,CRUMPLED_1,CENTER,5
Woolworths-UK-Receipt,Woolworths UK Receipt,MERCHANT_COPY,TOP,TOP,NONE,NONE,NONE,HEADER|ITEMS|CUSTOM|CUSTOM,ITEM,ABSENT,NONE,LEFT,CRUMPLED_1,CENTER,4
World-Market-Receipt,World Market Receipt ,MERCHANT_COPY,TOP,TOP,NONE,NONE,NONE,HEADER|ITEMS,ITEM>SUBTOTAL>TAX>TOTAL,ABSENT,NONE,LEFT,CRUMPLED_1,CENTER,2
Xieng-Khouang-Receipt,Xieng Khouang Receipt,MERCHANT_COPY,TOP,TOP,NONE,DASHES,NONE,HEADER|CUSTOM|ITEMS|ITEMS|CUSTOM|CUSTOM,ITEM,ABSENT,NONE,LEFT,CRUMPLED_1,CENTER,6
Xiyue-Pasir-Mukti-Receipt,Xiyue Pasir Mukti Receipt,MERCHANT_COPY,TOP,TOP,DASHES,DASHES,NONE,HEADER|CUSTOM|ITEMS|CUSTOM,ITEM,ABSENT,NONE,LEFT,CRUMPLED_1,LEFT,4
Yankee-Pier-Receipt,Yankee Pier Receipt,MERCHANT_COPY,TOP,NONE,NONE,NONE,NONE,HEADER|ITEMS|CUSTOM,ITEM,ABSENT,NONE,LEFT,CRUMPLED_1,CENTER,3
Yard-House-Receipt,Yard House Receipt,MERCHANT_COPY,TOP,TOP,DASHES,NONE,NONE,HEADER|CUSTOM|CUSTOM|ITEMS|CUSTOM|ITEMS|CUSTOM|ITEMS|CUSTOM|ITEMS|CUSTOM|ITEMS,ITEM>SUBTOTAL>TAX>TOTAL,PRESENT,NONE,LEFT,CRUMPLED_1,CENTER,12
Yellow-Cab-Receipt,Yellow Cab Receipt,MERCHANT_COPY,TOP,NONE,EMPTY,NONE,NONE,HEADER|CUSTOM|DATE|CUSTOM|ITEMS|PAYMENT,ITEM>TOTAL>TENDER>META>AUTH,ABSENT,NONE,LEFT,CRUMPLED_1,CENTER,6
Yeppoon-Day-and-Night-Pharmacy-Receipt, Yeppoon Day & Night Pharmacy Receipt,MERCHANT_COPY,TOP,TOP,EMPTY,NONE,NONE,HEADER|CUSTOM|CUSTOM|CUSTOM|CUSTOM,NONE,NO_ITEMS,NONE,LEFT,CRUMPLED_1,CENTER,5
Yo!-Sushi-Receipt,Yo! Sushi Receipt,MERCHANT_COPY,TOP,TOP,DASHES,DASHES,NONE,HEADER|CUSTOM|ITEMS|CUSTOM,ITEM,ABSENT,NONE,LEFT,CRUMPLED_1,CENTER,4
Yodel-Parcel-Receipt,Yodel Parcel Receipt,MERCHANT_COPY,TOP,TOP,NONE,NONE,NONE,HEADER|CUSTOM|CUSTOM|CUSTOM|CUSTOM,NONE,NO_ITEMS,NONE,LEFT,CRUMPLED_1,LEFT,5
Yonsei-Handrolls-Receipt,Yonsei Handrolls Receipt,MERCHANT_COPY,TOP,TOP,NONE,NONE,NONE,HEADER|ITEMS|CUSTOM,ITEM,ABSENT,NONE,LEFT,CRUMPLED_1,CENTER,3
ZARA-Receipt,ZARA Receipt,MERCHANT_COPY,TOP,TOP,EMPTY,NONE,NONE,HEADER|DATE|CUSTOM|CUSTOM,NONE,NO_ITEMS,NONE,LEFT,CRUMPLED_1,CENTER,4
Zadig-and-Voltaire-Receipt,Zadig & Voltaire Receipt,MERCHANT_COPY,TOP,TOP,EMPTY,NONE,NONE,HEADER|CUSTOM|BARCODE|CUSTOM|CUSTOM|CUSTOM|CUSTOM,NONE,NO_ITEMS,MIDDLE,LEFT,CRUMPLED_1,CENTER,7
Zambrero-Receipt,Zambrero Receipt,MERCHANT_COPY,TOP,TOP,DASHES,DASHES,NONE,HEADER|CUSTOM|CUSTOM|CUSTOM|CUSTOM|ITEMS|ITEMS|ITEMS,ITEM,PRESENT,NONE,LEFT,CRUMPLED_1,CENTER,8
Zaxby's-Receipt-example-with-Wings-and-Sandwich-and-3-more-items-totalling-27-dollars-36-cents,Zaxby's Receipt example with Wings and Sandwich and 3 more items totalling 27 dollars 36 cents,MERCHANT_COPY,TOP,TOP,DASHES,NONE,NONE,HEADER|CUSTOM|CUSTOM|DATE|ITEMS|CUSTOM|BARCODE,ITEM>SUBTOTAL>TAX>TOTAL,PRESENT,BOTTOM,LEFT,CRUMPLED_1,CENTER,7
Zaxby's-Receipt,Zaxby's Receipt,MERCHANT_COPY,TOP,TOP,DASHES,NONE,NONE,HEADER|CUSTOM|CUSTOM|DATE|ITEMS|CUSTOM|BARCODE,ITEM>SUBTOTAL>TAX>TOTAL,PRESENT,BOTTOM,LEFT,CRUMPLED_1,CENTER,7
Zaxby's-US-Receipt,Zaxby's US Receipt,MERCHANT_COPY,TOP,TOP,DASHES,NONE,NONE,HEADER|CUSTOM|PAYMENT|PAYMENT|CUSTOM,ITEM>TENDER>SUBTOTAL>TAX,NO_ITEMS,NONE,LEFT,CRUMPLED_1,CENTER,5
Zehrs-Greatfood-Receipt,Zehrs Greatfood Receipt,MERCHANT_COPY,TOP,TOP,NONE,NONE,NONE,HEADER|ITEMS|CUSTOM|ITEMS|CUSTOM,ITEM,ABSENT,NONE,LEFT,CRUMPLED_1,LEFT,5
Zion-Market-Receipt,Zion Market Receipt,MERCHANT_COPY,TOP,NONE,EQUALS,NONE,NONE,HEADER|ITEMS|ITEMS|BARCODE|CUSTOM|CUSTOM|CUSTOM,ITEM>SUBTOTAL>TENDER>CHANGE,ABSENT,MIDDLE,LEFT,CRUMPLED_1,CENTER,7
Zizzi-Receipt,Zizzi Receipt,MERCHANT_COPY,TOP,TOP,DASHES,DASHES,NONE,HEADER|ITEMS|ITEMS|ITEMS|CUSTOM,ITEM,PRESENT,NONE,LEFT,CRUMPLED_1,CENTER,5
Zomato-Receipt,Zomato Receipt,MERCHANT_COPY,TOP,TOP,EMPTY,EMPTY,PERCENT_20,HEADER|RESTAURANT|ITEMS|PAYMENT|CUSTOM,ITEM>TOTAL>TENDER>META>AUTH,PRESENT,NONE,LEFT,CRUMPLED_1,LEFT,5
ampm-Receipt,ampm Receipt,MERCHANT_COPY,TOP,NONE,EMPTY,NONE,NONE,HEADER|CUSTOM|CUSTOM,NONE,NO_ITEMS,NONE,LEFT,CRUMPLED_1,CENTER,3
de-Bijenkorf-Receipt,de Bijenkorf Receipt,MERCHANT_COPY,TOP,TOP,NONE,DASHES,NONE,HEADER|ITEMS|ITEMS|BARCODE|CUSTOM|CUSTOM,ITEM,PRESENT,MIDDLE,LEFT,CRUMPLED_1,CENTER,6
k-kiosk-Receipt,k kiosk Receipt,MERCHANT_COPY,TOP,TOP,NONE,DASHES,NONE,HEADER|ITEMS|ITEMS|CUSTOM|BARCODE,ITEM,ABSENT,BOTTOM,LEFT,CRUMPLED_1,CENTER,5
myLowe's-Rewards-Receipt,myLowe's Rewards Receipt,MERCHANT_COPY,TOP,TOP,NONE,NONE,NONE,HEADER|ITEMS|CUSTOM|BARCODE|CUSTOM,ITEM>SUBTOTAL>TOTAL>TENDER,ABSENT,MIDDLE,LEFT,CRUMPLED_1,CENTER,5
walmart-example-with-Zsty-Paws-FLTK-products-Debit-card-and-2-more-items-totalling-42-dollars-54-cents,"walmart example with Zsty Paws FL/TK products, Debit card and 2 more items totalling 42 dollars 54 cents",MERCHANT_COPY,TOP,TOP,EMPTY,NONE,NONE,HEADER|CUSTOM|ITEMS|PAYMENT|CUSTOM|CUSTOM|BARCODE,ITEM>SUBTOTAL>TAX>TOTAL>TENDER>META,ABSENT,BOTTOM,UNSET,UNSET,CENTER,7
